
--
-- Database: `kangtia1_property`
--

--
-- Dumping data for table `address`
--

INSERT INTO `address` (`id`, `line1`, `line2`, `suburb`, `postCode`, `stateId`, `countryId`, `active`, `created`, `createdById`, `updated`, `updatedById`) VALUES(1, 'lot 818', '', 'tarneit', '3159', 5, 1, 1, NOW(), 1, NOW(), 1);
INSERT INTO `address` (`id`, `line1`, `line2`, `suburb`, `postCode`, `stateId`, `countryId`, `active`, `created`, `createdById`, `updated`, `updatedById`) VALUES(2, '', '', 'tarneit', '3029', 5, 1, 1, '2010-04-24 23:01:55', 1, '2010-04-24 23:01:55', 1);
INSERT INTO `address` (`id`, `line1`, `line2`, `suburb`, `postCode`, `stateId`, `countryId`, `active`, `created`, `createdById`, `updated`, `updatedById`) VALUES(3, '', '', 'tarneit', '3029', 5, 1, 1, '2010-04-24 23:02:34', 1, '2010-04-24 23:02:34', 1);
						
INSERT INTO `address` (`line1`, `line2`, `suburb`, `postCode`, `stateId`, `countryId`, `active`, `created`, `createdById`, `updated`, `updatedById`) VALUES('', '', 'ABBOTSFORD', '', 5, 1, 1, NOW(), 1, NOW(), 1);						
INSERT INTO `address` (`line1`, `line2`, `suburb`, `postCode`, `stateId`, `countryId`, `active`, `created`, `createdById`, `updated`, `updatedById`) VALUES('', '', 'ASCOT VALE', '', 5, 1, 1, NOW(), 1, NOW(), 1);					
INSERT INTO `address` (`line1`, `line2`, `suburb`, `postCode`, `stateId`, `countryId`, `active`, `created`, `createdById`, `updated`, `updatedById`) VALUES('', '', 'Ashburton', '', 5, 1, 1, NOW(), 1, NOW(), 1);					
INSERT INTO `address` (`line1`, `line2`, `suburb`, `postCode`, `stateId`, `countryId`, `active`, `created`, `createdById`, `updated`, `updatedById`) VALUES('', '', 'Ashwood', '', 5, 1, 1, NOW(), 1, NOW(), 1);					
INSERT INTO `address` (`line1`, `line2`, `suburb`, `postCode`, `stateId`, `countryId`, `active`, `created`, `createdById`, `updated`, `updatedById`) VALUES('', '', 'Balwyn', '', 5, 1, 1, NOW(), 1, NOW(), 1);					
INSERT INTO `address` (`line1`, `line2`, `suburb`, `postCode`, `stateId`, `countryId`, `active`, `created`, `createdById`, `updated`, `updatedById`) VALUES('', '', 'Balwyn North', '', 5, 1, 1, NOW(), 1, NOW(), 1);					
INSERT INTO `address` (`line1`, `line2`, `suburb`, `postCode`, `stateId`, `countryId`, `active`, `created`, `createdById`, `updated`, `updatedById`) VALUES('', '', 'Bayswater', '', 5, 1, 1, NOW(), 1, NOW(), 1);					
INSERT INTO `address` (`line1`, `line2`, `suburb`, `postCode`, `stateId`, `countryId`, `active`, `created`, `createdById`, `updated`, `updatedById`) VALUES('', '', 'BENTLEIGH EAST', '', 5, 1, 1, NOW(), 1, NOW(), 1);						
INSERT INTO `address` (`line1`, `line2`, `suburb`, `postCode`, `stateId`, `countryId`, `active`, `created`, `createdById`, `updated`, `updatedById`) VALUES('', '', 'Blackburn', '', 5, 1, 1, NOW(), 1, NOW(), 1);						
INSERT INTO `address` (`line1`, `line2`, `suburb`, `postCode`, `stateId`, `countryId`, `active`, `created`, `createdById`, `updated`, `updatedById`) VALUES('', '', 'Blackburn North', '', 5, 1, 1, NOW(), 1, NOW(), 1);					
INSERT INTO `address` (`line1`, `line2`, `suburb`, `postCode`, `stateId`, `countryId`, `active`, `created`, `createdById`, `updated`, `updatedById`) VALUES('', '', 'Blackburn South', '', 5, 1, 1, NOW(), 1, NOW(), 1);				
INSERT INTO `address` (`line1`, `line2`, `suburb`, `postCode`, `stateId`, `countryId`, `active`, `created`, `createdById`, `updated`, `updatedById`) VALUES('', '', 'Bonbeach', '', 5, 1, 1, NOW(), 1, NOW(), 1);				
INSERT INTO `address` (`line1`, `line2`, `suburb`, `postCode`, `stateId`, `countryId`, `active`, `created`, `createdById`, `updated`, `updatedById`) VALUES('', '', 'Boronia', '', 5, 1, 1, NOW(), 1, NOW(), 1);				
INSERT INTO `address` (`line1`, `line2`, `suburb`, `postCode`, `stateId`, `countryId`, `active`, `created`, `createdById`, `updated`, `updatedById`) VALUES('', '', 'Box Hill', '', 5, 1, 1, NOW(), 1, NOW(), 1);					
INSERT INTO `address` (`line1`, `line2`, `suburb`, `postCode`, `stateId`, `countryId`, `active`, `created`, `createdById`, `updated`, `updatedById`) VALUES('', '', 'Box Hill North', '', 5, 1, 1, NOW(), 1, NOW(), 1);				
INSERT INTO `address` (`line1`, `line2`, `suburb`, `postCode`, `stateId`, `countryId`, `active`, `created`, `createdById`, `updated`, `updatedById`) VALUES('', '', 'BOX HILL SOUTH', '', 5, 1, 1, NOW(), 1, NOW(), 1);					
INSERT INTO `address` (`line1`, `line2`, `suburb`, `postCode`, `stateId`, `countryId`, `active`, `created`, `createdById`, `updated`, `updatedById`) VALUES('', '', 'Brighton', '', 5, 1, 1, NOW(), 1, NOW(), 1);						
INSERT INTO `address` (`line1`, `line2`, `suburb`, `postCode`, `stateId`, `countryId`, `active`, `created`, `createdById`, `updated`, `updatedById`) VALUES('', '', 'Brighton East', '', 5, 1, 1, NOW(), 1, NOW(), 1);					
INSERT INTO `address` (`line1`, `line2`, `suburb`, `postCode`, `stateId`, `countryId`, `active`, `created`, `createdById`, `updated`, `updatedById`) VALUES('', '', 'Brunswick East', '', 5, 1, 1, NOW(), 1, NOW(), 1);					
INSERT INTO `address` (`line1`, `line2`, `suburb`, `postCode`, `stateId`, `countryId`, `active`, `created`, `createdById`, `updated`, `updatedById`) VALUES('', '', 'Bulleen', '', 5, 1, 1, NOW(), 1, NOW(), 1);						
INSERT INTO `address` (`line1`, `line2`, `suburb`, `postCode`, `stateId`, `countryId`, `active`, `created`, `createdById`, `updated`, `updatedById`) VALUES('', '', 'Bundoora', '', 5, 1, 1, NOW(), 1, NOW(), 1);						
INSERT INTO `address` (`line1`, `line2`, `suburb`, `postCode`, `stateId`, `countryId`, `active`, `created`, `createdById`, `updated`, `updatedById`) VALUES('', '', 'Burwood', '', 5, 1, 1, NOW(), 1, NOW(), 1);						
INSERT INTO `address` (`line1`, `line2`, `suburb`, `postCode`, `stateId`, `countryId`, `active`, `created`, `createdById`, `updated`, `updatedById`) VALUES('', '', 'Burwood East', '', 5, 1, 1, NOW(), 1, NOW(), 1);					
INSERT INTO `address` (`line1`, `line2`, `suburb`, `postCode`, `stateId`, `countryId`, `active`, `created`, `createdById`, `updated`, `updatedById`) VALUES('', '', 'CAMBERWELL', '', 5, 1, 1, NOW(), 1, NOW(), 1);						
INSERT INTO `address` (`line1`, `line2`, `suburb`, `postCode`, `stateId`, `countryId`, `active`, `created`, `createdById`, `updated`, `updatedById`) VALUES('', '', 'Campbellfield', '', 5, 1, 1, NOW(), 1, NOW(), 1);						
INSERT INTO `address` (`line1`, `line2`, `suburb`, `postCode`, `stateId`, `countryId`, `active`, `created`, `createdById`, `updated`, `updatedById`) VALUES('', '', 'Canterbury', '', 5, 1, 1, NOW(), 1, NOW(), 1);						
INSERT INTO `address` (`line1`, `line2`, `suburb`, `postCode`, `stateId`, `countryId`, `active`, `created`, `createdById`, `updated`, `updatedById`) VALUES('', '', 'Carlton', '', 5, 1, 1, NOW(), 1, NOW(), 1);						
INSERT INTO `address` (`line1`, `line2`, `suburb`, `postCode`, `stateId`, `countryId`, `active`, `created`, `createdById`, `updated`, `updatedById`) VALUES('', '', 'Carlton North', '', 5, 1, 1, NOW(), 1, NOW(), 1);					
INSERT INTO `address` (`line1`, `line2`, `suburb`, `postCode`, `stateId`, `countryId`, `active`, `created`, `createdById`, `updated`, `updatedById`) VALUES('', '', 'Caulfield', '', 5, 1, 1, NOW(), 1, NOW(), 1);						
INSERT INTO `address` (`line1`, `line2`, `suburb`, `postCode`, `stateId`, `countryId`, `active`, `created`, `createdById`, `updated`, `updatedById`) VALUES('', '', 'Caulfield East', '', 5, 1, 1, NOW(), 1, NOW(), 1);				
INSERT INTO `address` (`line1`, `line2`, `suburb`, `postCode`, `stateId`, `countryId`, `active`, `created`, `createdById`, `updated`, `updatedById`) VALUES('', '', 'Caulfield North', '', 5, 1, 1, NOW(), 1, NOW(), 1);				
INSERT INTO `address` (`line1`, `line2`, `suburb`, `postCode`, `stateId`, `countryId`, `active`, `created`, `createdById`, `updated`, `updatedById`) VALUES('', '', 'Chadstone', '', 5, 1, 1, NOW(), 1, NOW(), 1);						
INSERT INTO `address` (`line1`, `line2`, `suburb`, `postCode`, `stateId`, `countryId`, `active`, `created`, `createdById`, `updated`, `updatedById`) VALUES('', '', 'CHELTENHAM', '', 5, 1, 1, NOW(), 1, NOW(), 1);						
INSERT INTO `address` (`line1`, `line2`, `suburb`, `postCode`, `stateId`, `countryId`, `active`, `created`, `createdById`, `updated`, `updatedById`) VALUES('', '', 'Chirnside Park', '', 5, 1, 1, NOW(), 1, NOW(), 1);					
INSERT INTO `address` (`line1`, `line2`, `suburb`, `postCode`, `stateId`, `countryId`, `active`, `created`, `createdById`, `updated`, `updatedById`) VALUES('', '', 'Clayton', '', 5, 1, 1, NOW(), 1, NOW(), 1);						
INSERT INTO `address` (`line1`, `line2`, `suburb`, `postCode`, `stateId`, `countryId`, `active`, `created`, `createdById`, `updated`, `updatedById`) VALUES('', '', 'Clayton South', '', 5, 1, 1, NOW(), 1, NOW(), 1);				
INSERT INTO `address` (`line1`, `line2`, `suburb`, `postCode`, `stateId`, `countryId`, `active`, `created`, `createdById`, `updated`, `updatedById`) VALUES('', '', 'Coburg', '', 5, 1, 1, NOW(), 1, NOW(), 1);						
INSERT INTO `address` (`line1`, `line2`, `suburb`, `postCode`, `stateId`, `countryId`, `active`, `created`, `createdById`, `updated`, `updatedById`) VALUES('', '', 'COBURG NORTH', '', 5, 1, 1, NOW(), 1, NOW(), 1);					
INSERT INTO `address` (`line1`, `line2`, `suburb`, `postCode`, `stateId`, `countryId`, `active`, `created`, `createdById`, `updated`, `updatedById`) VALUES('', '', 'Collingwood', '', 5, 1, 1, NOW(), 1, NOW(), 1);						
INSERT INTO `address` (`line1`, `line2`, `suburb`, `postCode`, `stateId`, `countryId`, `active`, `created`, `createdById`, `updated`, `updatedById`) VALUES('', '', 'Coolaroo', '', 5, 1, 1, NOW(), 1, NOW(), 1);						
INSERT INTO `address` (`line1`, `line2`, `suburb`, `postCode`, `stateId`, `countryId`, `active`, `created`, `createdById`, `updated`, `updatedById`) VALUES('', '', 'CRAIGIEBURN', '', 5, 1, 1, NOW(), 1, NOW(), 1);						
INSERT INTO `address` (`line1`, `line2`, `suburb`, `postCode`, `stateId`, `countryId`, `active`, `created`, `createdById`, `updated`, `updatedById`) VALUES('', '', 'Cranbourne East', '', 5, 1, 1, NOW(), 1, NOW(), 1);				
INSERT INTO `address` (`line1`, `line2`, `suburb`, `postCode`, `stateId`, `countryId`, `active`, `created`, `createdById`, `updated`, `updatedById`) VALUES('', '', 'Dandenong', '', 5, 1, 1, NOW(), 1, NOW(), 1);						
INSERT INTO `address` (`line1`, `line2`, `suburb`, `postCode`, `stateId`, `countryId`, `active`, `created`, `createdById`, `updated`, `updatedById`) VALUES('', '', 'Dandenong North', '', 5, 1, 1, NOW(), 1, NOW(), 1);					
INSERT INTO `address` (`line1`, `line2`, `suburb`, `postCode`, `stateId`, `countryId`, `active`, `created`, `createdById`, `updated`, `updatedById`) VALUES('', '', 'Docklands', '', 5, 1, 1, NOW(), 1, NOW(), 1);						
INSERT INTO `address` (`line1`, `line2`, `suburb`, `postCode`, `stateId`, `countryId`, `active`, `created`, `createdById`, `updated`, `updatedById`) VALUES('', '', 'Doncaster', '', 5, 1, 1, NOW(), 1, NOW(), 1);						
INSERT INTO `address` (`line1`, `line2`, `suburb`, `postCode`, `stateId`, `countryId`, `active`, `created`, `createdById`, `updated`, `updatedById`) VALUES('', '', 'DONCASTER EAST', '', 5, 1, 1, NOW(), 1, NOW(), 1);						
INSERT INTO `address` (`line1`, `line2`, `suburb`, `postCode`, `stateId`, `countryId`, `active`, `created`, `createdById`, `updated`, `updatedById`) VALUES('', '', 'Donvale', '', 5, 1, 1, NOW(), 1, NOW(), 1);						
INSERT INTO `address` (`line1`, `line2`, `suburb`, `postCode`, `stateId`, `countryId`, `active`, `created`, `createdById`, `updated`, `updatedById`) VALUES('', '', 'Epping', '', 5, 1, 1, NOW(), 1, NOW(), 1);						
INSERT INTO `address` (`line1`, `line2`, `suburb`, `postCode`, `stateId`, `countryId`, `active`, `created`, `createdById`, `updated`, `updatedById`) VALUES('', '', 'Essendon North', '', 5, 1, 1, NOW(), 1, NOW(), 1);						
INSERT INTO `address` (`line1`, `line2`, `suburb`, `postCode`, `stateId`, `countryId`, `active`, `created`, `createdById`, `updated`, `updatedById`) VALUES('', '', 'Flemington', '', 5, 1, 1, NOW(), 1, NOW(), 1);						
INSERT INTO `address` (`line1`, `line2`, `suburb`, `postCode`, `stateId`, `countryId`, `active`, `created`, `createdById`, `updated`, `updatedById`) VALUES('', '', 'FOOTSCRAY', '', 5, 1, 1, NOW(), 1, NOW(), 1);						
INSERT INTO `address` (`line1`, `line2`, `suburb`, `postCode`, `stateId`, `countryId`, `active`, `created`, `createdById`, `updated`, `updatedById`) VALUES('', '', 'FOREST HILL', '', 5, 1, 1, NOW(), 1, NOW(), 1);				
INSERT INTO `address` (`line1`, `line2`, `suburb`, `postCode`, `stateId`, `countryId`, `active`, `created`, `createdById`, `updated`, `updatedById`) VALUES('', '', 'FRANKSTON', '', 5, 1, 1, NOW(), 1, NOW(), 1);						
INSERT INTO `address` (`line1`, `line2`, `suburb`, `postCode`, `stateId`, `countryId`, `active`, `created`, `createdById`, `updated`, `updatedById`) VALUES('', '', 'Frankston South', '', 5, 1, 1, NOW(), 1, NOW(), 1);					
INSERT INTO `address` (`line1`, `line2`, `suburb`, `postCode`, `stateId`, `countryId`, `active`, `created`, `createdById`, `updated`, `updatedById`) VALUES('', '', 'GLEN HUNTLY', '', 5, 1, 1, NOW(), 1, NOW(), 1);					
INSERT INTO `address` (`line1`, `line2`, `suburb`, `postCode`, `stateId`, `countryId`, `active`, `created`, `createdById`, `updated`, `updatedById`) VALUES('', '', 'Glen Iris', '', 5, 1, 1, NOW(), 1, NOW(), 1);					
INSERT INTO `address` (`line1`, `line2`, `suburb`, `postCode`, `stateId`, `countryId`, `active`, `created`, `createdById`, `updated`, `updatedById`) VALUES('', '', 'Glen Waverley', '', 5, 1, 1, NOW(), 1, NOW(), 1);					
INSERT INTO `address` (`line1`, `line2`, `suburb`, `postCode`, `stateId`, `countryId`, `active`, `created`, `createdById`, `updated`, `updatedById`) VALUES('', '', 'GLENROY', '', 5, 1, 1, NOW(), 1, NOW(), 1);						
INSERT INTO `address` (`line1`, `line2`, `suburb`, `postCode`, `stateId`, `countryId`, `active`, `created`, `createdById`, `updated`, `updatedById`) VALUES('', '', 'Hampton', '', 5, 1, 1, NOW(), 1, NOW(), 1);						
INSERT INTO `address` (`line1`, `line2`, `suburb`, `postCode`, `stateId`, `countryId`, `active`, `created`, `createdById`, `updated`, `updatedById`) VALUES('', '', 'Hawthorn', '', 5, 1, 1, NOW(), 1, NOW(), 1);						
INSERT INTO `address` (`line1`, `line2`, `suburb`, `postCode`, `stateId`, `countryId`, `active`, `created`, `createdById`, `updated`, `updatedById`) VALUES('', '', 'HAWTHORN EAST', '', 5, 1, 1, NOW(), 1, NOW(), 1);				
INSERT INTO `address` (`line1`, `line2`, `suburb`, `postCode`, `stateId`, `countryId`, `active`, `created`, `createdById`, `updated`, `updatedById`) VALUES('', '', 'Heathmont', '', 5, 1, 1, NOW(), 1, NOW(), 1);						
INSERT INTO `address` (`line1`, `line2`, `suburb`, `postCode`, `stateId`, `countryId`, `active`, `created`, `createdById`, `updated`, `updatedById`) VALUES('', '', 'Heidelberg Heights', '', 5, 1, 1, NOW(), 1, NOW(), 1);				
INSERT INTO `address` (`line1`, `line2`, `suburb`, `postCode`, `stateId`, `countryId`, `active`, `created`, `createdById`, `updated`, `updatedById`) VALUES('', '', 'Heidelberg West', '', 5, 1, 1, NOW(), 1, NOW(), 1);					
INSERT INTO `address` (`line1`, `line2`, `suburb`, `postCode`, `stateId`, `countryId`, `active`, `created`, `createdById`, `updated`, `updatedById`) VALUES('', '', 'HUGHESDALE', '', 5, 1, 1, NOW(), 1, NOW(), 1);						
INSERT INTO `address` (`line1`, `line2`, `suburb`, `postCode`, `stateId`, `countryId`, `active`, `created`, `createdById`, `updated`, `updatedById`) VALUES('', '', 'Huntingdale', '', 5, 1, 1, NOW(), 1, NOW(), 1);						
INSERT INTO `address` (`line1`, `line2`, `suburb`, `postCode`, `stateId`, `countryId`, `active`, `created`, `createdById`, `updated`, `updatedById`) VALUES('', '', 'Ivanhoe', '', 5, 1, 1, NOW(), 1, NOW(), 1);						
INSERT INTO `address` (`line1`, `line2`, `suburb`, `postCode`, `stateId`, `countryId`, `active`, `created`, `createdById`, `updated`, `updatedById`) VALUES('', '', 'Kew', '', 5, 1, 1, NOW(), 1, NOW(), 1);						
INSERT INTO `address` (`line1`, `line2`, `suburb`, `postCode`, `stateId`, `countryId`, `active`, `created`, `createdById`, `updated`, `updatedById`) VALUES('', '', 'Kew East', '', 5, 1, 1, NOW(), 1, NOW(), 1);						
INSERT INTO `address` (`line1`, `line2`, `suburb`, `postCode`, `stateId`, `countryId`, `active`, `created`, `createdById`, `updated`, `updatedById`) VALUES('', '', 'Kingsbury', '', 5, 1, 1, NOW(), 1, NOW(), 1);						
INSERT INTO `address` (`line1`, `line2`, `suburb`, `postCode`, `stateId`, `countryId`, `active`, `created`, `createdById`, `updated`, `updatedById`) VALUES('', '', 'KNOXFIELD', '', 5, 1, 1, NOW(), 1, NOW(), 1);						
INSERT INTO `address` (`line1`, `line2`, `suburb`, `postCode`, `stateId`, `countryId`, `active`, `created`, `createdById`, `updated`, `updatedById`) VALUES('', '', 'Kooyong', '', 5, 1, 1, NOW(), 1, NOW(), 1);						
INSERT INTO `address` (`line1`, `line2`, `suburb`, `postCode`, `stateId`, `countryId`, `active`, `created`, `createdById`, `updated`, `updatedById`) VALUES('', '', 'Lakes Entrance', '', 5, 1, 1, NOW(), 1, NOW(), 1);					
INSERT INTO `address` (`line1`, `line2`, `suburb`, `postCode`, `stateId`, `countryId`, `active`, `created`, `createdById`, `updated`, `updatedById`) VALUES('', '', 'Laverton North', '', 5, 1, 1, NOW(), 1, NOW(), 1);					
INSERT INTO `address` (`line1`, `line2`, `suburb`, `postCode`, `stateId`, `countryId`, `active`, `created`, `createdById`, `updated`, `updatedById`) VALUES('', '', 'Lower Templestowe', '', 5, 1, 1, NOW(), 1, NOW(), 1);					
INSERT INTO `address` (`line1`, `line2`, `suburb`, `postCode`, `stateId`, `countryId`, `active`, `created`, `createdById`, `updated`, `updatedById`) VALUES('', '', 'Macleod', '', 5, 1, 1, NOW(), 1, NOW(), 1);						
INSERT INTO `address` (`line1`, `line2`, `suburb`, `postCode`, `stateId`, `countryId`, `active`, `created`, `createdById`, `updated`, `updatedById`) VALUES('', '', 'Malvern', '', 5, 1, 1, NOW(), 1, NOW(), 1);						
INSERT INTO `address` (`line1`, `line2`, `suburb`, `postCode`, `stateId`, `countryId`, `active`, `created`, `createdById`, `updated`, `updatedById`) VALUES('', '', 'Malvern East', '', 5, 1, 1, NOW(), 1, NOW(), 1);					
INSERT INTO `address` (`line1`, `line2`, `suburb`, `postCode`, `stateId`, `countryId`, `active`, `created`, `createdById`, `updated`, `updatedById`) VALUES('', '', 'MELBOURNE', '', 5, 1, 1, NOW(), 1, NOW(), 1);						
INSERT INTO `address` (`line1`, `line2`, `suburb`, `postCode`, `stateId`, `countryId`, `active`, `created`, `createdById`, `updated`, `updatedById`) VALUES('', '', 'MICKLEHAM', '', 5, 1, 1, NOW(), 1, NOW(), 1);						
INSERT INTO `address` (`line1`, `line2`, `suburb`, `postCode`, `stateId`, `countryId`, `active`, `created`, `createdById`, `updated`, `updatedById`) VALUES('', '', 'MITCHAM', '', 5, 1, 1, NOW(), 1, NOW(), 1);						
INSERT INTO `address` (`line1`, `line2`, `suburb`, `postCode`, `stateId`, `countryId`, `active`, `created`, `createdById`, `updated`, `updatedById`) VALUES('', '', 'Mont Albert', '', 5, 1, 1, NOW(), 1, NOW(), 1);					
INSERT INTO `address` (`line1`, `line2`, `suburb`, `postCode`, `stateId`, `countryId`, `active`, `created`, `createdById`, `updated`, `updatedById`) VALUES('', '', 'Mont Albert North', '', 5, 1, 1, NOW(), 1, NOW(), 1);					
INSERT INTO `address` (`line1`, `line2`, `suburb`, `postCode`, `stateId`, `countryId`, `active`, `created`, `createdById`, `updated`, `updatedById`) VALUES('', '', 'MOONEE PONDS', '', 5, 1, 1, NOW(), 1, NOW(), 1);				
INSERT INTO `address` (`line1`, `line2`, `suburb`, `postCode`, `stateId`, `countryId`, `active`, `created`, `createdById`, `updated`, `updatedById`) VALUES('', '', 'Mordialloc', '', 5, 1, 1, NOW(), 1, NOW(), 1);						
INSERT INTO `address` (`line1`, `line2`, `suburb`, `postCode`, `stateId`, `countryId`, `active`, `created`, `createdById`, `updated`, `updatedById`) VALUES('', '', 'Mount Eliza', '', 5, 1, 1, NOW(), 1, NOW(), 1);				
INSERT INTO `address` (`line1`, `line2`, `suburb`, `postCode`, `stateId`, `countryId`, `active`, `created`, `createdById`, `updated`, `updatedById`) VALUES('', '', 'MOUNT MARTHA', '', 5, 1, 1, NOW(), 1, NOW(), 1);					
INSERT INTO `address` (`line1`, `line2`, `suburb`, `postCode`, `stateId`, `countryId`, `active`, `created`, `createdById`, `updated`, `updatedById`) VALUES('', '', 'MOUNT WAVERLEY', '', 5, 1, 1, NOW(), 1, NOW(), 1);				
INSERT INTO `address` (`line1`, `line2`, `suburb`, `postCode`, `stateId`, `countryId`, `active`, `created`, `createdById`, `updated`, `updatedById`) VALUES('', '', 'Mulgrave', '', 5, 1, 1, NOW(), 1, NOW(), 1);						
INSERT INTO `address` (`line1`, `line2`, `suburb`, `postCode`, `stateId`, `countryId`, `active`, `created`, `createdById`, `updated`, `updatedById`) VALUES('', '', 'MURRUMBEENA', '', 5, 1, 1, NOW(), 1, NOW(), 1);						
INSERT INTO `address` (`line1`, `line2`, `suburb`, `postCode`, `stateId`, `countryId`, `active`, `created`, `createdById`, `updated`, `updatedById`) VALUES('', '', 'MYRTLEFORD', '', 5, 1, 1, NOW(), 1, NOW(), 1);						
INSERT INTO `address` (`line1`, `line2`, `suburb`, `postCode`, `stateId`, `countryId`, `active`, `created`, `createdById`, `updated`, `updatedById`) VALUES('', '', 'Narre Warren', '', 5, 1, 1, NOW(), 1, NOW(), 1);						
INSERT INTO `address` (`line1`, `line2`, `suburb`, `postCode`, `stateId`, `countryId`, `active`, `created`, `createdById`, `updated`, `updatedById`) VALUES('', '', 'Noble Park', '', 5, 1, 1, NOW(), 1, NOW(), 1);					
INSERT INTO `address` (`line1`, `line2`, `suburb`, `postCode`, `stateId`, `countryId`, `active`, `created`, `createdById`, `updated`, `updatedById`) VALUES('', '', 'North Melbourne', '', 5, 1, 1, NOW(), 1, NOW(), 1);					
INSERT INTO `address` (`line1`, `line2`, `suburb`, `postCode`, `stateId`, `countryId`, `active`, `created`, `createdById`, `updated`, `updatedById`) VALUES('', '', 'Nunawading', '', 5, 1, 1, NOW(), 1, NOW(), 1);						
INSERT INTO `address` (`line1`, `line2`, `suburb`, `postCode`, `stateId`, `countryId`, `active`, `created`, `createdById`, `updated`, `updatedById`) VALUES('', '', 'OAKLEIGH', '', 5, 1, 1, NOW(), 1, NOW(), 1);						
INSERT INTO `address` (`line1`, `line2`, `suburb`, `postCode`, `stateId`, `countryId`, `active`, `created`, `createdById`, `updated`, `updatedById`) VALUES('', '', 'Oakleigh South', '', 5, 1, 1, NOW(), 1, NOW(), 1); 						
INSERT INTO `address` (`line1`, `line2`, `suburb`, `postCode`, `stateId`, `countryId`, `active`, `created`, `createdById`, `updated`, `updatedById`) VALUES('', '', 'OLINDA', '', 5, 1, 1, NOW(), 1, NOW(), 1);						
INSERT INTO `address` (`line1`, `line2`, `suburb`, `postCode`, `stateId`, `countryId`, `active`, `created`, `createdById`, `updated`, `updatedById`) VALUES('', '', 'Park Orchards', '', 5, 1, 1, NOW(), 1, NOW(), 1); 						
INSERT INTO `address` (`line1`, `line2`, `suburb`, `postCode`, `stateId`, `countryId`, `active`, `created`, `createdById`, `updated`, `updatedById`) VALUES('', '', 'Parkville', '', 5, 1, 1, NOW(), 1, NOW(), 1);						
INSERT INTO `address` (`line1`, `line2`, `suburb`, `postCode`, `stateId`, `countryId`, `active`, `created`, `createdById`, `updated`, `updatedById`) VALUES('', '', 'PLENTY', '', 5, 1, 1, NOW(), 1, NOW(), 1);						
INSERT INTO `address` (`line1`, `line2`, `suburb`, `postCode`, `stateId`, `countryId`, `active`, `created`, `createdById`, `updated`, `updatedById`) VALUES('', '', 'POINT COOK', '', 5, 1, 1, NOW(), 1, NOW(), 1); 						
INSERT INTO `address` (`line1`, `line2`, `suburb`, `postCode`, `stateId`, `countryId`, `active`, `created`, `createdById`, `updated`, `updatedById`) VALUES('', '', 'Port Melbourne', '', 5, 1, 1, NOW(), 1, NOW(), 1); 						
INSERT INTO `address` (`line1`, `line2`, `suburb`, `postCode`, `stateId`, `countryId`, `active`, `created`, `createdById`, `updated`, `updatedById`) VALUES('', '', 'Preston', '', 5, 1, 1, NOW(), 1, NOW(), 1);						
INSERT INTO `address` (`line1`, `line2`, `suburb`, `postCode`, `stateId`, `countryId`, `active`, `created`, `createdById`, `updated`, `updatedById`) VALUES('', '', 'Preston West', '', 5, 1, 1, NOW(), 1, NOW(), 1); 						
INSERT INTO `address` (`line1`, `line2`, `suburb`, `postCode`, `stateId`, `countryId`, `active`, `created`, `createdById`, `updated`, `updatedById`) VALUES('', '', 'Reservoir', '', 5, 1, 1, NOW(), 1, NOW(), 1);						
INSERT INTO `address` (`line1`, `line2`, `suburb`, `postCode`, `stateId`, `countryId`, `active`, `created`, `createdById`, `updated`, `updatedById`) VALUES('', '', 'Richmond', '', 5, 1, 1, NOW(), 1, NOW(), 1);						
INSERT INTO `address` (`line1`, `line2`, `suburb`, `postCode`, `stateId`, `countryId`, `active`, `created`, `createdById`, `updated`, `updatedById`) VALUES('', '', 'RINGWOOD', '', 5, 1, 1, NOW(), 1, NOW(), 1);						
INSERT INTO `address` (`line1`, `line2`, `suburb`, `postCode`, `stateId`, `countryId`, `active`, `created`, `createdById`, `updated`, `updatedById`) VALUES('', '', 'Ringwood East', '', 5, 1, 1, NOW(), 1, NOW(), 1); 						
INSERT INTO `address` (`line1`, `line2`, `suburb`, `postCode`, `stateId`, `countryId`, `active`, `created`, `createdById`, `updated`, `updatedById`) VALUES('', '', 'Rowville', '', 5, 1, 1, NOW(), 1, NOW(), 1);						
INSERT INTO `address` (`line1`, `line2`, `suburb`, `postCode`, `stateId`, `countryId`, `active`, `created`, `createdById`, `updated`, `updatedById`) VALUES('', '', 'Sanctuary Lakes', '', 5, 1, 1, NOW(), 1, NOW(), 1); 						
INSERT INTO `address` (`line1`, `line2`, `suburb`, `postCode`, `stateId`, `countryId`, `active`, `created`, `createdById`, `updated`, `updatedById`) VALUES('', '', 'South Melbourne', '', 5, 1, 1, NOW(), 1, NOW(), 1); 						
INSERT INTO `address` (`line1`, `line2`, `suburb`, `postCode`, `stateId`, `countryId`, `active`, `created`, `createdById`, `updated`, `updatedById`) VALUES('', '', 'South Yarra', '', 5, 1, 1, NOW(), 1, NOW(), 1); 						
INSERT INTO `address` (`line1`, `line2`, `suburb`, `postCode`, `stateId`, `countryId`, `active`, `created`, `createdById`, `updated`, `updatedById`) VALUES('', '', 'Southbank', '', 5, 1, 1, NOW(), 1, NOW(), 1);						
INSERT INTO `address` (`line1`, `line2`, `suburb`, `postCode`, `stateId`, `countryId`, `active`, `created`, `createdById`, `updated`, `updatedById`) VALUES('', '', 'SPRINGVALE', '', 5, 1, 1, NOW(), 1, NOW(), 1);						
INSERT INTO `address` (`line1`, `line2`, `suburb`, `postCode`, `stateId`, `countryId`, `active`, `created`, `createdById`, `updated`, `updatedById`) VALUES('', '', 'Springvale South', '', 5, 1, 1, NOW(), 1, NOW(), 1); 						
INSERT INTO `address` (`line1`, `line2`, `suburb`, `postCode`, `stateId`, `countryId`, `active`, `created`, `createdById`, `updated`, `updatedById`) VALUES('', '', 'SUNSHINE WEST', '', 5, 1, 1, NOW(), 1, NOW(), 1); 						
INSERT INTO `address` (`line1`, `line2`, `suburb`, `postCode`, `stateId`, `countryId`, `active`, `created`, `createdById`, `updated`, `updatedById`) VALUES('', '', 'SURREY HILLS', '', 5, 1, 1, NOW(), 1, NOW(), 1); 						
INSERT INTO `address` (`line1`, `line2`, `suburb`, `postCode`, `stateId`, `countryId`, `active`, `created`, `createdById`, `updated`, `updatedById`) VALUES('', '', 'Tarneit', '', 5, 1, 1, NOW(), 1, NOW(), 1);						
INSERT INTO `address` (`line1`, `line2`, `suburb`, `postCode`, `stateId`, `countryId`, `active`, `created`, `createdById`, `updated`, `updatedById`) VALUES('', '', 'TAYLORS LAKES', '', 5, 1, 1, NOW(), 1, NOW(), 1); 						
INSERT INTO `address` (`line1`, `line2`, `suburb`, `postCode`, `stateId`, `countryId`, `active`, `created`, `createdById`, `updated`, `updatedById`) VALUES('', '', 'TEMPLESTOWE', '', 5, 1, 1, NOW(), 1, NOW(), 1);						
INSERT INTO `address` (`line1`, `line2`, `suburb`, `postCode`, `stateId`, `countryId`, `active`, `created`, `createdById`, `updated`, `updatedById`) VALUES('', '', 'Templestowe Lower', '', 5, 1, 1, NOW(), 1, NOW(), 1); 						
INSERT INTO `address` (`line1`, `line2`, `suburb`, `postCode`, `stateId`, `countryId`, `active`, `created`, `createdById`, `updated`, `updatedById`) VALUES('', '', 'Thornbury', '', 5, 1, 1, NOW(), 1, NOW(), 1);						
INSERT INTO `address` (`line1`, `line2`, `suburb`, `postCode`, `stateId`, `countryId`, `active`, `created`, `createdById`, `updated`, `updatedById`) VALUES('', '', 'Toorak', '', 5, 1, 1, NOW(), 1, NOW(), 1);						
INSERT INTO `address` (`line1`, `line2`, `suburb`, `postCode`, `stateId`, `countryId`, `active`, `created`, `createdById`, `updated`, `updatedById`) VALUES('', '', 'Tottenham', '', 5, 1, 1, NOW(), 1, NOW(), 1);						
INSERT INTO `address` (`line1`, `line2`, `suburb`, `postCode`, `stateId`, `countryId`, `active`, `created`, `createdById`, `updated`, `updatedById`) VALUES('', '', 'Travancore', '', 5, 1, 1, NOW(), 1, NOW(), 1);						
INSERT INTO `address` (`line1`, `line2`, `suburb`, `postCode`, `stateId`, `countryId`, `active`, `created`, `createdById`, `updated`, `updatedById`) VALUES('', '', 'Vermont', '', 5, 1, 1, NOW(), 1, NOW(), 1);						
INSERT INTO `address` (`line1`, `line2`, `suburb`, `postCode`, `stateId`, `countryId`, `active`, `created`, `createdById`, `updated`, `updatedById`) VALUES('', '', 'VERMONT SOUTH', '', 5, 1, 1, NOW(), 1, NOW(), 1); 						
INSERT INTO `address` (`line1`, `line2`, `suburb`, `postCode`, `stateId`, `countryId`, `active`, `created`, `createdById`, `updated`, `updatedById`) VALUES('', '', 'Wantirna', '', 5, 1, 1, NOW(), 1, NOW(), 1);						
INSERT INTO `address` (`line1`, `line2`, `suburb`, `postCode`, `stateId`, `countryId`, `active`, `created`, `createdById`, `updated`, `updatedById`) VALUES('', '', 'Wantirna South', '', 5, 1, 1, NOW(), 1, NOW(), 1); 						
INSERT INTO `address` (`line1`, `line2`, `suburb`, `postCode`, `stateId`, `countryId`, `active`, `created`, `createdById`, `updated`, `updatedById`) VALUES('', '', 'Warrandyte', '', 5, 1, 1, NOW(), 1, NOW(), 1);						
INSERT INTO `address` (`line1`, `line2`, `suburb`, `postCode`, `stateId`, `countryId`, `active`, `created`, `createdById`, `updated`, `updatedById`) VALUES('', '', 'WHEELERS HILL', '', 5, 1, 1, NOW(), 1, NOW(), 1); 						
INSERT INTO `address` (`line1`, `line2`, `suburb`, `postCode`, `stateId`, `countryId`, `active`, `created`, `createdById`, `updated`, `updatedById`) VALUES('', '', 'Windsor', '', 5, 1, 1, NOW(), 1, NOW(), 1);						
INSERT INTO `address` (`line1`, `line2`, `suburb`, `postCode`, `stateId`, `countryId`, `active`, `created`, `createdById`, `updated`, `updatedById`) VALUES('', '', 'Wyndham Vale', '', 5, 1, 1, NOW(), 1, NOW(), 1); 

--
-- Dumping data for table `asset`
--

INSERT INTO `asset` (`id`, `assetTypeId`, `assetId`, `filename`, `mimeType`, `path`, `active`, `created`, `createdById`, `updated`, `updatedById`) VALUES(1, 1, 'e1e4e3bfadc6da0169a51b7188529b55', 'project1.jpg', 'image/jpg', '/e/1/e/4/e', 1, '2010-04-16 23:19:25', 1, '2010-04-16 23:19:25', 1);
INSERT INTO `asset` (`id`, `assetTypeId`, `assetId`, `filename`, `mimeType`, `path`, `active`, `created`, `createdById`, `updated`, `updatedById`) VALUES(2, 1, '208aeabf53a00119375322e07760edff', 'project2.jpg', 'image/jpg', '/2/0/8/a/e', 1, '2010-04-16 23:20:15', 1, '2010-04-16 23:20:15', 1);
INSERT INTO `asset` (`id`, `assetTypeId`, `assetId`, `filename`, `mimeType`, `path`, `active`, `created`, `createdById`, `updated`, `updatedById`) VALUES(3, 1, 'c05ccd28e0e78af670df0feaeb7cbc4e', 'project3.jpg', 'image/jpg', '/c/0/5/c/c', 1, '2010-04-16 23:20:29', 1, '2010-04-16 23:20:29', 1);
INSERT INTO `asset` (`id`, `assetTypeId`, `assetId`, `filename`, `mimeType`, `path`, `active`, `created`, `createdById`, `updated`, `updatedById`) VALUES(4, 1, '47d1f54f1c248326fbebb8a5b2d70d15', 'banner.jpg', 'image/jpg', '/4/7/d/1/f', 1, '2010-05-08 01:20:04', 1, '2010-05-08 01:20:04', 1);
INSERT INTO `asset` (`id`, `assetTypeId`, `assetId`, `filename`, `mimeType`, `path`, `active`, `created`, `createdById`, `updated`, `updatedById`) VALUES(5, 1, 'b5c212221b669d409edf51d8bff0904a', 'banner.jpg', 'image/jpg', '/b/5/c/2/1', 1, '2010-05-08 08:33:42', 1, '2010-05-08 08:33:42', 1);
INSERT INTO `asset` (`id`, `assetTypeId`, `assetId`, `filename`, `mimeType`, `path`, `active`, `created`, `createdById`, `updated`, `updatedById`) VALUES(6, 1, '8795db3d2fcdec0f9c0a6040916a2504', '0d159421-7843-48fa-9cc8-9cfeabe5fee3.jpg', 'image/jpg', '/8/7/9/5/d', 1, '2010-05-08 08:35:12', 1, '2010-05-08 08:35:12', 1);
INSERT INTO `asset` (`id`, `assetTypeId`, `assetId`, `filename`, `mimeType`, `path`, `active`, `created`, `createdById`, `updated`, `updatedById`) VALUES(7, 1, 'ab2df2f5439a2808b6adabda4166f646', '149952_193830015_2.jpg', 'image/jpg', '/a/b/2/d/f', 1, '2010-05-08 08:41:47', 1, '2010-05-08 08:41:47', 1);
INSERT INTO `asset` (`id`, `assetTypeId`, `assetId`, `filename`, `mimeType`, `path`, `active`, `created`, `createdById`, `updated`, `updatedById`) VALUES(8, 1, '08c2b45e837435e358eea85b5e9fc113', 'family.jpg', 'image/jpg', '/0/8/c/2/b', 1, '2010-05-08 08:50:26', 1, '2010-05-08 08:50:26', 1);
INSERT INTO `asset` (`id`, `assetTypeId`, `assetId`, `filename`, `mimeType`, `path`, `active`, `created`, `createdById`, `updated`, `updatedById`) VALUES(9, 1, 'bb8dae1223f838687352dbe73f8740a8', 'family.jpg', 'image/jpg', '/b/b/8/d/a', 1, '2010-05-08 08:54:01', 1, '2010-05-08 08:54:01', 1);

--
-- Dumping data for table `assettype`
--

INSERT INTO `assettype` (`id`, `type`, `path`, `active`, `created`, `createdById`, `updated`, `updatedById`) VALUES(1, 'Graph', '/home/kangtia1/public_html/assets/generated/graphs', 1, '2010-04-16 03:13:18', 1, '2010-04-16 03:13:18', 1);
INSERT INTO `assettype` (`id`, `type`, `path`, `active`, `created`, `createdById`, `updated`, `updatedById`) VALUES(2, 'Report', '/home/kangtia1/public_html/assets/generated/report', 1, '2010-04-16 03:13:18', 1, '2010-04-16 03:13:18', 1);
INSERT INTO `assettype` (`id`, `type`, `path`, `active`, `created`, `createdById`, `updated`, `updatedById`) VALUES(3, 'Static', '/home/kangtia1/public_html/assets/generated/static', 1, '2010-04-16 03:13:18', 1, '2010-04-16 03:13:18', 1);

--
-- Dumping data for table `banner`
--

INSERT INTO `banner` (`id`, `title`, `description`, `url`, `assetId`, `languageId`, `active`, `created`, `createdById`, `updated`, `updatedById`) VALUES(1, 'Discover the Secrets', '', '/', 5, 1, 1, '2010-05-08 08:33:45', 1, '2010-05-08 08:33:45', 1);
INSERT INTO `banner` (`id`, `title`, `description`, `url`, `assetId`, `languageId`, `active`, `created`, `createdById`, `updated`, `updatedById`) VALUES(2, 'Explore Your Financial Freedom', 'Exploring Your Financial Freedom!', '/', 6, 1, 1, '2010-05-08 08:35:17', 1, '2010-05-08 08:35:17', 1);
INSERT INTO `banner` (`id`, `title`, `description`, `url`, `assetId`, `languageId`, `active`, `created`, `createdById`, `updated`, `updatedById`) VALUES(3, 'Lovely Family', 'Lovely Family', '/', 7, 1, 1, '2010-05-08 08:41:59', 1, '2010-05-08 08:41:59', 1);
INSERT INTO `banner` (`id`, `title`, `description`, `url`, `assetId`, `languageId`, `active`, `created`, `createdById`, `updated`, `updatedById`) VALUES(4, 'family', 'Lovely Family', '/', 8, 1, 1, '2010-05-08 08:50:32', 1, '2010-05-08 08:50:32', 1);
INSERT INTO `banner` (`id`, `title`, `description`, `url`, `assetId`, `languageId`, `active`, `created`, `createdById`, `updated`, `updatedById`) VALUES(5, 'family', 'Lovely Family', '/', 9, 1, 1, '2010-05-08 08:54:06', 1, '2010-05-08 08:54:06', 1);

--
-- Dumping data for table `content`
--

INSERT INTO `content` (`id`, `title`, `text`, `subTitle`, `languageId`, `active`, `created`, `createdById`, `updated`, `updatedById`) VALUES(1, 'Welcome', '<p>iaculis, dui quis venenatis in, mauris. Nunc elementum. Fusce nisl eros, sit amet, consectetuer nec, mattis vel, lorem. Fusce et nisl. Fusce dui auctor mattis. Pellentesque mollis risus. Phasellus vestibulum sed, sollicitudin ac, accumsan vestibulum. Etiam fringilla condimentum, pulvinar mollis. Suspendisse rhoncus pede eu tortor eget ipsum primis in elit. Aliquam erat volutpat. Praesent nunc. Nulla quis neque. Nulla convallis non, dolor. Pellentesque quam molestie vitae, ligula. Nam eu odio sit amet nisl. Etiam ornare a, faucibus eros. Suspendisse potenti. Quisque urna. Sed venenatis. Sed ornare, orci elit, pulvinar scelerisque. Vestibulum ante ipsum primis in faucibus augue. Sed in massa  augue. Sed quam ultricies vitae, mauris. Donec elementum consequat. Aliquam id consequat urna a auctor mattis. Aliquam in nulla orci luctus et netus et nisl. Etiam in volutpat laoreet. Donec congue. Nunc arcu congue tellus, at lorem id dolor libero nunc, ornare nulla in quam ut tortor. Praesent volutpat facilisis, quam ut metus. Curabitur lobortis velit. Mauris tortor. Maecenas diam bibendum purus lorem, pellentesque erat ac hendrerit et, placerat porta ut, consequat nunc. Suspendisse potenti. Cras vitae mauris. Nam ipsum. Suspendisse potenti. Quisque condimentum. Donec sit amet quam. Nullam ut justo ac massa. Aliquam ultricies eu, commodo wisi. Aenean id</p>', '', 1, 1, '2010-04-16 03:13:18', 1, '2010-04-23 23:31:46', 1);
INSERT INTO `content` (`id`, `title`, `text`, `subTitle`, `languageId`, `active`, `created`, `createdById`, `updated`, `updatedById`) VALUES(2, 'How can we help you', '<p>iaculis, dui quis venenatis in, mauris. Nunc elementum. Fusce nisl eros, sit amet, consectetuer nec, mattis vel, lorem. Fusce et nisl. Fusce dui auctor mattis. Pellentesque mollis risus. Phasellus vestibulum sed, sollicitudin ac, accumsan vestibulum. Etiam fringilla condimentum, pulvinar mollis. Suspendisse rhoncus pede eu tortor eget ipsum primis in elit. Aliquam erat volutpat. Praesent nunc. Nulla quis neque. Nulla convallis non, dolor. Pellentesque quam molestie vitae, ligula. Nam eu odio sit amet nisl. Etiam ornare a, faucibus eros. Suspendisse potenti. Quisque urna. Sed venenatis. Sed ornare, orci elit, pulvinar scelerisque. Vestibulum ante ipsum primis in faucibus augue. Sed in massa  augue. Sed quam ultricies vitae, mauris. Donec elementum consequat. Aliquam id consequat urna a auctor mattis. Aliquam in nulla orci luctus et netus et nisl. Etiam in volutpat laoreet. Donec congue. Nunc arcu congue tellus, at lorem id dolor libero nunc, ornare nulla in quam ut tortor. Praesent volutpat facilisis, quam ut metus. Curabitur lobortis velit. Mauris tortor. Maecenas diam bibendum purus lorem, pellentesque erat ac hendrerit et, placerat porta ut, consequat nunc. Suspendisse potenti. Cras vitae mauris. Nam ipsum. Suspendisse potenti. Quisque condimentum. Donec sit amet quam. Nullam ut justo ac massa. Aliquam ultricies eu, commodo wisi. Aenean id</p>', '', 1, 0, '2010-04-16 03:13:18', 1, '2010-04-30 11:50:56', 1);
INSERT INTO `content` (`id`, `title`, `text`, `subTitle`, `languageId`, `active`, `created`, `createdById`, `updated`, `updatedById`) VALUES(3, 'website is up today', '<p>iaculis, dui quis venenatis in, mauris. Nunc elementum. Fusce nisl eros, sit amet, consectetuer nec, mattis vel, lorem. Fusce et nisl. Fusce dui auctor mattis. Pellentesque mollis risus. Phasellus vestibulum sed, sollicitudin ac, accumsan vestibulum. Etiam fringilla condimentum, pulvinar mollis. Suspendisse rhoncus pede eu tortor eget ipsum primis in elit. Aliquam erat volutpat. Praesent nunc. Nulla quis neque. Nulla convallis non, dolor. Pellentesque quam molestie vitae, ligula. Nam eu odio sit amet nisl. Etiam ornare a, faucibus eros. Suspendisse potenti. Quisque urna. Sed venenatis. Sed ornare, orci elit, pulvinar scelerisque. Vestibulum ante ipsum primis in faucibus augue. Sed in massa augue. Sed quam ultricies vitae, mauris. Donec elementum consequat. Aliquam id consequat urna a auctor mattis. Aliquam in nulla orci luctus et netus et nisl. Etiam in volutpat laoreet. Donec congue. Nunc arcu congue tellus, at lorem id dolor libero nunc, ornare nulla in quam ut tortor. Praesent volutpat facilisis, quam ut metus. Curabitur lobortis velit. Mauris tortor. Maecenas diam bibendum purus lorem, pellentesque erat ac hendrerit et, placerat porta ut, consequat nunc. Suspendisse potenti. Cras vitae mauris. Nam ipsum. Suspendisse potenti. Quisque condimentum. Donec sit amet quam. Nullam ut justo ac massa. Aliquam ultricies eu, commodo wisi. Aenean id</p>', '', 1, 1, '2010-04-16 03:13:18', 1, '2010-04-27 21:27:00', 1);
INSERT INTO `content` (`id`, `title`, `text`, `subTitle`, `languageId`, `active`, `created`, `createdById`, `updated`, `updatedById`) VALUES(4, 'About Us', '<p><span style="font-family: book antiqua,palatino;"><span style="font-size: large;">Managed by a team of expertise with over 10 years of experience in this industry, ARG has built its profile from nothing to well over thousand happy investors ever since its establishment in Oct 2008. </span></span></p>\r\n<p><span style="font-family: book antiqua,palatino;"><span style="font-size: large;">A team that believes in customer orientated, ARG offers what is suitable investment portfolio for their customer. These services include investment strategies, market research, overseas investment and funding management. </span></span></p>\r\n<p><span style="font-family: book antiqua,palatino;"><span style="font-size: large;">ARG has been actively promoting the importance of investment for their customers'' retirement planning through seminars and workshop.</span></span></p>', '', 1, 0, '2010-04-16 03:13:18', 1, '2010-04-30 11:50:38', 1);
INSERT INTO `content` (`id`, `title`, `text`, `subTitle`, `languageId`, `active`, `created`, `createdById`, `updated`, `updatedById`) VALUES(5, 'Services', '<p>Managed by a team of expertise with over 10 years of experience in this  industry, ARG has built its profile from nothing to well over thousand  happy investors ever since its establishment in Oct 2008.  A team that believes in customer orientated, ARG offers what is suitable  investment portfolio for their customer. These services include  investment strategies, market research, overseas investment and funding  management.  ARG has been actively promoting the importance of investment for their  customersï¿½ retirement planning through seminars and workshop.</p>', '', 1, 1, '2010-04-16 22:44:42', 1, '2010-04-27 21:11:47', 1);
INSERT INTO `content` (`id`, `title`, `text`, `subTitle`, `languageId`, `active`, `created`, `createdById`, `updated`, `updatedById`) VALUES(6, 'New Projects on the way', '<p>Managed by a team of expertise with over 10 years of experience in this industry, ARG has built its profile from nothing to well over thousand happy investors ever since its establishment in Oct 2008. A team that believes in customer orientated, ARG offers what is suitable investment portfolio for their customer. These services include investment strategies, market research, overseas investment and funding management. ARG has been actively promoting the importance of investment for their customersï¿½ retirement planning through seminars and workshop.</p>', '', 1, 1, '2010-04-16 23:11:25', 1, '2010-04-30 11:51:56', 1);
INSERT INTO `content` (`id`, `title`, `text`, `subTitle`, `languageId`, `active`, `created`, `createdById`, `updated`, `updatedById`) VALUES(7, 'Privacy Policy', '<p><span style="font-size: small;"><span style="font-family: verdana,geneva;"><strong>At ARG, we understand that privacy is an important issue for users  of (visitors to) the ARG Property Internet site www.argproperty.com.au and its related  domains. The following information is designed to help visitors understand what  information we collect from our site, and how we handle and use the information  after that. </strong></span></span></p>\r\n<p><span style="font-family: verdana,geneva;"><br /></span></p>\r\n<h3><span style="font-family: verdana,geneva;"><span style="font-size: large;">Information collection and use</span></span></h3>\r\n<p><span style="font-size: small;"><span style="font-family: verdana,geneva;">ARG is the sole owner of any information collected on this site. We will  not sell, share, or rent this information to others in ways different from what  is disclosed in this statement. ARG may collect information from our users  at several different points on our website. ARG may also transfer the  information collected to any relevant unit within ARG, and located anywhere  in the world. </span></span></p>\r\n<h3><span style="font-family: verdana,geneva;"><span style="font-size: large;">General inquiries</span></span></h3>\r\n<p><span style="font-size: small;"><span style="font-family: verdana,geneva;">If a user contacts ARG with a general inquiry, the user may need to  provide ARG with personal information (for example contact details). ARG will use this personal information to respond to the inquiry and track  further correspondence. Information is also used to compile statistics on  response handling, etc. This is done in aggregate, and no individual names or  other personal information are retained. Personal information collected is not  used for any other purpose. </span></span></p>\r\n<h3><span style="font-family: verdana,geneva;"><span style="font-size: large;">Cookies</span></span></h3>\r\n<p><span style="font-size: small;"><span style="font-family: verdana,geneva;">Cookies are small text files that a site transfers to a user''s (visitor''s)  hard disk or browser for added functionality or for tracking site usage. In  order to measure the effectiveness of our online presence, ARG may use  cookies to determine the path users take on our site and to identify repeat  users of our site. We do not use cookies to gather personal information such as  a person''s name or e-mail address.</span></span></p>\r\n<p><span style="font-size: small;"><span style="font-family: verdana,geneva;">Cookies can be saved to the hard disk, but so-called session cookies are  saved to the browser only and disappear when the browser is closed. On the ARGProperty.com.au homepage (and similar top or index pages), we use cookies that are  saved to the hard disk and therefore remain after the browser is closed. Such  cookies determine the path users take on our site and also identify repeat users  of our site, although not by names or email addresses. On other pages of our  site, we use session cookies to determine the path users take on our site. On  some pages, we may also use non-session cookies.</span></span></p>\r\n<p><span style="font-size: small;"><span style="font-family: verdana,geneva;">It is possible to configure your browser to reject cookies by modifying the  browser settings or preferences. If you wish to do so, we recommend you consult  the information provided in the browser or contact the browser vendor for help  and instructions.</span></span></p>\r\n<p><span style="font-size: small;"><span style="font-family: verdana,geneva;">Any information gathered by the use of cookies is compiled on an aggregate,  anonymous basis. </span></span></p>\r\n<h3><span style="font-family: verdana,geneva;"><span style="font-size: large;">Subscriptions </span></span></h3>\r\n<p><span style="font-size: small;"><span style="font-family: verdana,geneva;">If a user wishes to subscribe to ARG information such as press releases  or financial reports, we ask for an email address. ARG will use this e-mail  address only to send the requested information; we will not send other  unsolicited information.</span></span></p>\r\n<p><span style="font-size: small;"><span style="font-family: verdana,geneva;">How to subscribe and unsubscribe: Users may open or cancel subscription(s) at  any time by filling in the "newsletter" section with a preferred email address accessible from almost every page on this site.</span></span></p>\r\n<h3><span style="font-size: small;"><span style="font-family: verdana,geneva;">External links</span></span></h3>\r\n<p><span style="font-size: small;"><span style="font-family: verdana,geneva;">This site may contain links to other sites. Please take note that ARG is  not responsible for the privacy policies or practices of such other sites. We  encourage our users to be aware when they leave our site and to read the privacy  statements of each and every site that collects personally identifiable  information. This privacy statement applies solely to information collected by  this site. </span></span></p>\r\n<h3><span style="font-family: verdana,geneva;"><span style="font-size: large;">Changes to ARG''s Internet privacy policy</span></span></h3>\r\n<p><span style="font-size: small;"><span style="font-family: verdana,geneva;">ARG may, from time to time, make changes to this policy. We recommend  that users of this site re-visit this privacy policy on occasion to learn of new  privacy practices or changes to our policy. </span></span></p>\r\n<h3><span style="font-family: verdana,geneva;"><span style="font-size: large;">How to contact ARG about this privacy policy</span></span></h3>\r\n<p><span style="font-size: small;"><span style="font-family: verdana,geneva;">It''s important to us at ARG to hear what users have to say about our  services, and our policies. If site users have any questions, concerns, or  complaints about this privacy policy, or want to let us know what they think  about any of our products and services, they can use our online form accessible from the "Contact Us" tab or by filling in the form on <a href="../../../contactus.html">http://www.argproperty.com.au/contactus.html</a>.</span></span></p>', '', 1, 1, '2010-04-18 00:47:55', 1, '2010-06-01 18:22:57', 1);
INSERT INTO `content` (`id`, `title`, `text`, `subTitle`, `languageId`, `active`, `created`, `createdById`, `updated`, `updatedById`) VALUES(8, 'åº·ç”°åœ°äº§æŠ•èµ„ç‰¹è‰²', '<ul>\r\n<li><span style="font-family: å®‹ä½“;  mso-ascii-font-family: Calibri; mso-ascii-theme-font: minor-latin;  mso-fareast-font-family: å®‹ä½“; mso-fareast-theme-font: minor-fareast;  mso-hansi-font-family: Calibri; mso-hansi-theme-font: minor-latin;"><span style="font-size: small;">æˆåŠŸå®žæˆ˜åœ°äº§æŠ•èµ„ç»éªŒçš„å³æ—¶åˆ† äº«ï¼Œä»¤ä½ åœ¨æŠ•èµ„ä¸­å°‘èµ°å¼¯è·¯ï¼›</span></span></li>\r\n<li><span style="font-family: å®‹ä½“;  mso-ascii-font-family: Calibri; mso-ascii-theme-font: minor-latin;  mso-fareast-font-family: å®‹ä½“; mso-fareast-theme-font: minor-fareast;  mso-hansi-font-family: Calibri; mso-hansi-theme-font: minor-latin;"><span style="font-size: small;">æŠ•èµ„ç†å¿µåªæ˜¯åŸºç¡€ï¼Œå…·ä½“çš„æŠ•èµ„é¡¹ ç›®å’Œæ“ä½œç»†èŠ‚æ‰æ˜¯å…³é”®ï¼›</span></span></li>\r\n<li><span style="font-size: 10.5pt; font-family: å®‹ä½“; mso-ascii-font-family:  Calibri; mso-ascii-theme-font: minor-latin; mso-fareast-theme-font:  minor-fareast; mso-hansi-font-family: Calibri; mso-hansi-theme-font:  minor-latin; mso-bidi-font-size: 11.0pt; mso-bidi-font-family: ''Times  New Roman''; mso-bidi-theme-font: minor-bidi; mso-ansi-language: EN-US;  mso-fareast-language: ZH-CN; mso-bidi-language: AR-SA;">ä¸æ˜¯ç´§ç¼©æ¶ˆè´¹åŽ»æŠ•èµ„ï¼Œè€Œæ˜¯æŠ•èµ„åŽæœ‰ æ›´å¤šçš„é’±åŽ»æ¶ˆè´¹{introstop}ã€‚</span></li>\r\n</ul>', '', 2, 1, '2010-04-23 23:32:38', 1, '2010-06-15 19:32:25', 1);
INSERT INTO `content` (`id`, `title`, `text`, `subTitle`, `languageId`, `active`, `created`, `createdById`, `updated`, `updatedById`) VALUES(9, 'å…³äºŽæˆ‘ä»¬', '<p>ç”±ä¸“ä¸šå›¢é˜Ÿç®¡ç†è¶…è¿‡10å¹´çš„è¡Œä¸šç»éªŒï¼ŒARGå·²å»ºç«‹äº†è‡ªå·±çš„ä¸ªäººèµ„æ–™ä»Žä¸€æ— æ‰€æœ‰åˆ°è¶…è¿‡ä¸€åƒæ°¸è¿œå¿«ä¹çš„æŠ•èµ„è€…è‡ª2008å¹´10æœˆæˆç«‹ã€‚ä¸€ä¸ªå›¢é˜Ÿï¼Œåœ¨å®¢æˆ·è‡³ä¸Šï¼Œè®¤ä¸ºé˜¿æ ¹å»·æä¾›ä»€ä¹ˆæ˜¯åˆé€‚çš„æŠ•èµ„ç»„åˆï¼Œä¸ºä»–ä»¬çš„å®¢æˆ·ã€‚è¿™äº›æœåŠ¡åŒ…æ‹¬æŠ•èµ„ç­–ç•¥ï¼Œå¸‚åœºç ”ç©¶ï¼Œæµ·å¤–æŠ•èµ„å’Œèµ„é‡‘ç®¡ç†ã€‚é˜¿æ ¹å»·ä¸€ç›´ç§¯æžæŽ¨åŠ¨é€šè¿‡ä¸¾åŠžç ”è®¨ä¼šå’Œè®²ä¹ ç­çš„ä¸ºå®¢æˆ·çš„é€€ä¼‘è®¡åˆ’æŠ•èµ„çš„é‡è¦æ€§ã€‚</p>', '', 2, 1, '2010-04-27 20:18:17', 1, '2010-04-27 21:29:13', 1);
INSERT INTO `content` (`id`, `title`, `text`, `subTitle`, `languageId`, `active`, `created`, `createdById`, `updated`, `updatedById`) VALUES(10, 'customer says', '<p>iaculis, dui quis venenatis in, mauris. Nunc elementum. Fusce nisl eros,  sit amet, consectetuer nec, mattis vel, lorem. Fusce et nisl. Fusce dui  auctor mattis. Pellentesque mollis risus. Phasellus vestibulum sed,  sollicitudin ac, accumsan vestibulum. Etiam fringilla condimentum,  pulvinar mollis. Suspendisse rhoncus pede eu tortor eget ipsum primis in  elit. Aliquam erat volutpat. Praesent nunc. Nulla quis neque. Nulla  convallis non, dolor. Pellentesque quam molestie vitae, ligula. Nam eu  odio sit amet nisl. Etiam ornare a, faucibus eros. Suspendisse potenti.  Quisque urna. Sed venenatis. Sed ornare, orci elit, pulvinar  scelerisque. Vestibulum ante ipsum primis in faucibus augue. Sed in  massa augue. Sed quam ultricies vitae, mauris. Donec elementum  consequat. Aliquam id consequat urna a auctor mattis. Aliquam in nulla  orci luctus et netus et nisl. Etiam in volutpat laoreet. Donec congue.  Nunc arcu congue tellus, at lorem id dolor libero nunc, ornare nulla in  quam ut tortor. Praesent volutpat facilisis, quam ut metus. Curabitur  lobortis velit. Mauris tortor. Maecenas diam bibendum purus lorem,  pellentesque erat ac hendrerit et, placerat porta ut, consequat nunc.  Suspendisse potenti. Cras vitae mauris. Nam ipsum. Suspendisse potenti.  Quisque condimentum. Donec sit amet quam. Nullam ut justo ac massa.  Aliquam ultricies eu, commodo wisi. Aenean id</p>', '', 1, 0, '2010-04-27 20:44:17', 1, '2010-04-30 11:49:49', 1);
INSERT INTO `content` (`id`, `title`, `text`, `subTitle`, `languageId`, `active`, `created`, `createdById`, `updated`, `updatedById`) VALUES(11, 'Why Choose Us', '<p>iaculis, dui quis venenatis in, mauris. Nunc elementum. Fusce nisl eros,  sit amet, consectetuer nec, mattis vel, lorem. Fusce et nisl. Fusce dui  auctor mattis. Pellentesque mollis risus. Phasellus vestibulum sed,  sollicitudin ac, accumsan vestibulum. Etiam fringilla condimentum,  pulvinar mollis. Suspendisse rhoncus pede eu tortor eget ipsum primis in  elit. Aliquam erat volutpat. Praesent nunc. Nulla quis neque. Nulla  convallis non, dolor. Pellentesque quam molestie vitae, ligula. Nam eu  odio sit amet nisl. Etiam ornare a, faucibus eros. Suspendisse potenti.  Quisque urna. Sed venenatis. Sed ornare, orci elit, pulvinar  scelerisque. Vestibulum ante ipsum primis in faucibus augue. Sed in  massa augue. Sed quam ultricies vitae, mauris. Donec elementum  consequat. Aliquam id consequat urna a auctor mattis. Aliquam in nulla  orci luctus et netus et nisl. Etiam in volutpat laoreet. Donec congue.  Nunc arcu congue tellus, at lorem id dolor libero nunc, ornare nulla in  quam ut tortor. Praesent volutpat facilisis, quam ut metus. Curabitur  lobortis velit. Mauris tortor. Maecenas diam bibendum purus lorem,  pellentesque erat ac hendrerit et, placerat porta ut, consequat nunc.  Suspendisse potenti. Cras vitae mauris. Nam ipsum. Suspendisse potenti.  Quisque condimentum. Donec sit amet quam. Nullam ut justo ac massa.  Aliquam ultricies eu, commodo wisi. Aenean id</p>', '', 1, 1, '2010-04-27 20:46:47', 1, '2010-04-27 20:50:49', 1);
INSERT INTO `content` (`id`, `title`, `text`, `subTitle`, `languageId`, `active`, `created`, `createdById`, `updated`, `updatedById`) VALUES(12, 'ä¸ºä»€ä¹ˆé€‰æ‹©æˆ‘ä»¬', '<p>ä½ å¥½ç”±ä¸“ä¸šå›¢é˜Ÿç®¡ç†è¶…è¿‡10å¹´çš„è¡Œä¸šç»éªŒï¼ŒARGå·²å»ºç«‹äº†è‡ªå·±çš„ä¸ªäººèµ„æ–™ä»Žä¸€æ— æ‰€æœ‰åˆ°è¶…è¿‡ä¸€åƒæ°¸è¿œå¿«ä¹çš„æŠ•èµ„è€…è‡ª2008å¹´10æœˆæˆç«‹ã€‚ä¸€ä¸ªå›¢é˜Ÿï¼Œåœ¨å®¢æˆ· è‡³  ä¸Šï¼Œè®¤ä¸ºé˜¿æ ¹å»·æä¾›ä»€ä¹ˆæ˜¯åˆé€‚çš„æŠ•èµ„ç»„åˆï¼Œä¸ºä»–ä»¬çš„å®¢æˆ·ã€‚è¿™äº›æœåŠ¡åŒ…æ‹¬æŠ•èµ„ç­–ç•¥ï¼Œå¸‚åœºç ”ç©¶ï¼Œæµ·å¤–æŠ•èµ„å’Œèµ„é‡‘ç®¡ç†ã€‚é˜¿æ ¹å»·ä¸€ç›´ç§¯æžæŽ¨åŠ¨é€šè¿‡ä¸¾åŠžç ”è®¨ä¼šå’Œè®²ä¹   ç­çš„ä¸ºå®¢æˆ·çš„é€€ä¼‘è®¡åˆ’æŠ•èµ„çš„é‡è¦æ€§ã€‚</p>', '', 2, 1, '2010-04-27 21:35:48', 1, '2010-04-27 21:35:48', 1);
INSERT INTO `content` (`id`, `title`, `text`, `subTitle`, `languageId`, `active`, `created`, `createdById`, `updated`, `updatedById`) VALUES(13, 'æˆ‘ä»¬çš„æœåŠ¡', '<p>ä½ å¥½ç”±ä¸“ä¸šå›¢é˜Ÿç®¡ç†è¶…è¿‡10å¹´çš„è¡Œä¸šç»éªŒï¼ŒARGå·²å»ºç«‹äº†è‡ªå·±çš„ä¸ªäººèµ„æ–™ä»Žä¸€æ— æ‰€æœ‰åˆ°è¶…è¿‡ä¸€åƒæ°¸è¿œå¿«ä¹çš„æŠ•èµ„è€…è‡ª2008å¹´10æœˆæˆç«‹ã€‚ä¸€ä¸ªå›¢é˜Ÿï¼Œåœ¨å®¢æˆ·  è‡³   ä¸Šï¼Œè®¤ä¸ºé˜¿æ ¹å»·æä¾›ä»€ä¹ˆæ˜¯åˆé€‚çš„æŠ•èµ„ç»„åˆï¼Œä¸ºä»–ä»¬çš„å®¢æˆ·ã€‚è¿™äº›æœåŠ¡åŒ…æ‹¬æŠ•èµ„ç­–ç•¥ï¼Œå¸‚åœºç ”ç©¶ï¼Œæµ·å¤–æŠ•èµ„å’Œèµ„é‡‘ç®¡ç†ã€‚é˜¿æ ¹å»·ä¸€ç›´ç§¯æžæŽ¨åŠ¨é€šè¿‡ä¸¾åŠžç ”è®¨ä¼šå’Œè®²ä¹    ç­çš„ä¸ºå®¢æˆ·çš„é€€ä¼‘è®¡åˆ’æŠ•èµ„çš„é‡è¦æ€§ã€‚</p>', '', 2, 1, '2010-04-27 21:37:40', 1, '2010-04-27 22:13:37', 1);
INSERT INTO `content` (`id`, `title`, `text`, `subTitle`, `languageId`, `active`, `created`, `createdById`, `updated`, `updatedById`) VALUES(14, 'æ´»åŠ¨å®‰æŽ’ 2', '<p>ä½ å¥½ç”±ä¸“ä¸šå›¢é˜Ÿç®¡ç†è¶…è¿‡10å¹´çš„è¡Œä¸šç»éªŒï¼ŒARGå·²å»ºç«‹äº†è‡ªå·±çš„ä¸ªäººèµ„æ–™ä»Žä¸€æ— æ‰€æœ‰åˆ°è¶…è¿‡ä¸€åƒæ°¸è¿œå¿«ä¹çš„æŠ•èµ„è€…è‡ª2008å¹´10æœˆæˆç«‹ã€‚ä¸€ä¸ªå›¢é˜Ÿï¼Œåœ¨å®¢æˆ·  è‡³   ä¸Šï¼Œè®¤ä¸ºé˜¿æ ¹å»·æä¾›ä»€ä¹ˆæ˜¯åˆé€‚çš„æŠ•èµ„ç»„åˆï¼Œä¸ºä»–ä»¬çš„å®¢æˆ·ã€‚è¿™äº›æœåŠ¡åŒ…æ‹¬æŠ•èµ„ç­–ç•¥ï¼Œå¸‚åœºç ”ç©¶ï¼Œæµ·å¤–æŠ•èµ„å’Œèµ„é‡‘ç®¡ç†ã€‚é˜¿æ ¹å»·ä¸€ç›´ç§¯æžæŽ¨åŠ¨é€šè¿‡ä¸¾åŠžç ”è®¨ä¼šå’Œè®²ä¹    ç­çš„ä¸ºå®¢æˆ·çš„é€€ä¼‘è®¡åˆ’æŠ•èµ„çš„é‡è¦æ€§ã€‚</p>', '', 2, 1, '2010-04-27 21:38:06', 1, '2010-04-27 21:38:06', 1);
INSERT INTO `content` (`id`, `title`, `text`, `subTitle`, `languageId`, `active`, `created`, `createdById`, `updated`, `updatedById`) VALUES(15, 'æ´»åŠ¨å®‰æŽ’ 3', '<p>ä½ å¥½ç”±ä¸“ä¸šå›¢é˜Ÿç®¡ç†è¶…è¿‡10å¹´çš„è¡Œä¸šç»éªŒï¼ŒARGå·²å»ºç«‹äº†è‡ªå·±çš„ä¸ªäººèµ„æ–™ä»Žä¸€æ— æ‰€æœ‰åˆ°è¶…è¿‡ä¸€åƒæ°¸è¿œå¿«ä¹çš„æŠ•èµ„è€…è‡ª2008å¹´10æœˆæˆç«‹ã€‚ä¸€ä¸ªå›¢é˜Ÿï¼Œåœ¨å®¢æˆ·  è‡³   ä¸Šï¼Œè®¤ä¸ºé˜¿æ ¹å»·æä¾›ä»€ä¹ˆæ˜¯åˆé€‚çš„æŠ•èµ„ç»„åˆï¼Œä¸ºä»–ä»¬çš„å®¢æˆ·ã€‚è¿™äº›æœåŠ¡åŒ…æ‹¬æŠ•èµ„ç­–ç•¥ï¼Œå¸‚åœºç ”ç©¶ï¼Œæµ·å¤–æŠ•èµ„å’Œèµ„é‡‘ç®¡ç†ã€‚é˜¿æ ¹å»·ä¸€ç›´ç§¯æžæŽ¨åŠ¨é€šè¿‡ä¸¾åŠžç ”è®¨ä¼šå’Œè®²ä¹    ç­çš„ä¸ºå®¢æˆ·çš„é€€ä¼‘è®¡åˆ’æŠ•èµ„çš„é‡è¦æ€§ã€‚</p>', '', 2, 1, '2010-04-27 21:38:32', 1, '2010-04-27 21:38:32', 1);
INSERT INTO `content` (`id`, `title`, `text`, `subTitle`, `languageId`, `active`, `created`, `createdById`, `updated`, `updatedById`) VALUES(16, 'ç‚ºä»€éº¼é¸æ“‡æˆ‘å€‘', '<p>ç”±ä¸€å€‹åœ˜éšŠçš„å°ˆæ¥­çŸ¥è­˜ï¼Œåœ¨10å¤šå¹´çš„ç¶“é©—åœ¨é€™å€‹è¡Œæ¥­ï¼ŒARGå·²å»ºç«‹äº†è‡ªå·±çš„å€‹äººè³‡æ–™å¾žä¸€ç„¡æ‰€æœ‰ åˆ°è¶…éŽ 1000å¿«æ¨‚æŠ•è³‡è€…è‡ªå¾ž 2008å¹´10æœˆæˆç«‹ã€‚ä¸€ å€‹åœ˜éšŠï¼Œç›¸ä¿¡åœ¨å®¢æˆ¶è‡³ä¸Šï¼Œé˜¿æ ¹å»·æä¾›ä»€éº¼æ˜¯åˆé©çš„æŠ•è³‡çµ„åˆç‚ºä»–å€‘çš„å®¢æˆ¶ã€‚é€™äº›æœå‹™åŒ…æ‹¬æŠ•è³‡ç­–ç•¥ï¼Œå¸‚å ´ç ”ç©¶ï¼Œæµ·å¤–æŠ•è³‡å’Œè³‡é‡‘ç®¡ç†ã€‚é˜¿æ ¹å»·ä¸€ç›´ç©æ¥µæŽ¨å‹•æŠ•è³‡çš„é‡è¦æ€§ç‚ºå®¢æˆ¶çš„é€€ ä¼‘è¨ˆåŠƒé€šéŽèˆ‰è¾¦ç ”è¨Žæœƒå’Œè¬›ç¿’ç­</p>', '', 3, 1, '2010-04-27 21:41:18', 1, '2010-04-27 21:42:34', 1);
INSERT INTO `content` (`id`, `title`, `text`, `subTitle`, `languageId`, `active`, `created`, `createdById`, `updated`, `updatedById`) VALUES(18, 'å…³äºŽæˆ‘å€‘', '<p>ç”±ä¸€å€‹åœ˜éšŠçš„å°ˆæ¥­çŸ¥è­˜ï¼Œåœ¨10å¤šå¹´çš„ç¶“é©—åœ¨é€™å€‹è¡Œæ¥­ï¼ŒARGå·²å»ºç«‹äº†è‡ªå·±çš„å€‹äººè³‡æ–™å¾žä¸€ç„¡æ‰€æœ‰ åˆ°è¶…éŽ 1000å¿«æ¨‚æŠ•è³‡è€…è‡ªå¾ž 2008å¹´10æœˆæˆç«‹ã€‚ä¸€ å€‹åœ˜éšŠï¼Œç›¸ä¿¡åœ¨å®¢æˆ¶è‡³ä¸Šï¼Œé˜¿æ ¹å»·æä¾›ä»€éº¼æ˜¯åˆé©çš„æŠ•è³‡çµ„åˆç‚ºä»–å€‘çš„å®¢æˆ¶ã€‚é€™äº›æœå‹™åŒ…æ‹¬æŠ•è³‡ç­–ç•¥ï¼Œå¸‚å ´ç ”ç©¶ï¼Œæµ·å¤–æŠ•è³‡å’Œè³‡é‡‘ç®¡ç†ã€‚é˜¿æ ¹å»·ä¸€ç›´ç©æ¥µæŽ¨å‹•æŠ•è³‡çš„é‡è¦æ€§ç‚ºå®¢æˆ¶çš„é€€ ä¼‘è¨ˆåŠƒé€šéŽèˆ‰è¾¦ç ”è¨Žæœƒå’Œè¬›ç¿’ç­</p>', '', 3, 1, '2010-04-27 21:44:16', 1, '2010-04-27 22:19:09', 1);
INSERT INTO `content` (`id`, `title`, `text`, `subTitle`, `languageId`, `active`, `created`, `createdById`, `updated`, `updatedById`) VALUES(17, 'å®¢æˆ¶åé¥‹', '<p>ç”±ä¸€å€‹åœ˜éšŠçš„å°ˆæ¥­çŸ¥è­˜ï¼Œåœ¨10å¤šå¹´çš„ç¶“é©—åœ¨é€™å€‹è¡Œæ¥­ï¼ŒARGå·²å»ºç«‹äº†è‡ªå·±çš„å€‹äººè³‡æ–™å¾žä¸€ç„¡æ‰€æœ‰ åˆ°è¶…éŽ 1000å¿«æ¨‚æŠ•è³‡è€…è‡ªå¾ž 2008å¹´10æœˆæˆç«‹ã€‚ä¸€ å€‹åœ˜éšŠï¼Œç›¸ä¿¡åœ¨å®¢æˆ¶è‡³ä¸Šï¼Œé˜¿æ ¹å»·æä¾›ä»€éº¼æ˜¯åˆé©çš„æŠ•è³‡çµ„åˆç‚ºä»–å€‘çš„å®¢æˆ¶ã€‚é€™äº›æœå‹™åŒ…æ‹¬æŠ•è³‡ç­–ç•¥ï¼Œå¸‚å ´ç ”ç©¶ï¼Œæµ·å¤–æŠ•è³‡å’Œè³‡é‡‘ç®¡ç†ã€‚é˜¿æ ¹å»·ä¸€ç›´ç©æ¥µæŽ¨å‹•æŠ•è³‡çš„é‡è¦æ€§ç‚ºå®¢æˆ¶çš„é€€ ä¼‘è¨ˆåŠƒé€šéŽèˆ‰è¾¦ç ”è¨Žæœƒå’Œè¬›ç¿’ç­</p>', '', 3, 1, '2010-04-27 21:41:32', 1, '2010-04-27 21:41:32', 1);
INSERT INTO `content` (`id`, `title`, `text`, `subTitle`, `languageId`, `active`, `created`, `createdById`, `updated`, `updatedById`) VALUES(19, 'æ´»å‹•è¨ˆåŠƒ2', '<p>ç”±ä¸€å€‹åœ˜éšŠçš„å°ˆæ¥­çŸ¥è­˜ï¼Œåœ¨10å¤šå¹´çš„ç¶“é©—åœ¨é€™å€‹è¡Œæ¥­ï¼ŒARGå·²å»ºç«‹äº†è‡ªå·±çš„å€‹äººè³‡æ–™å¾žä¸€ç„¡æ‰€æœ‰ åˆ°è¶…éŽ 1000å¿«æ¨‚æŠ•è³‡è€…è‡ªå¾ž 2008å¹´10æœˆæˆç«‹ã€‚ä¸€ å€‹åœ˜éšŠï¼Œç›¸ä¿¡åœ¨å®¢æˆ¶è‡³ä¸Šï¼Œé˜¿æ ¹å»·æä¾›ä»€éº¼æ˜¯åˆé©çš„æŠ•è³‡çµ„åˆç‚ºä»–å€‘çš„å®¢æˆ¶ã€‚é€™äº›æœå‹™åŒ…æ‹¬æŠ•è³‡ç­–ç•¥ï¼Œå¸‚å ´ç ”ç©¶ï¼Œæµ·å¤–æŠ•è³‡å’Œè³‡é‡‘ç®¡ç†ã€‚é˜¿æ ¹å»·ä¸€ç›´ç©æ¥µæŽ¨å‹•æŠ•è³‡çš„é‡è¦æ€§ç‚ºå®¢æˆ¶çš„é€€ ä¼‘è¨ˆåŠƒé€šéŽèˆ‰è¾¦ç ”è¨Žæœƒå’Œè¬›ç¿’ç­</p>', '', 3, 1, '2010-04-27 21:44:21', 1, '2010-04-27 21:44:21', 1);
INSERT INTO `content` (`id`, `title`, `text`, `subTitle`, `languageId`, `active`, `created`, `createdById`, `updated`, `updatedById`) VALUES(20, 'æ´»å‹•è¨ˆåŠƒ 3', '<p>ç”±ä¸€å€‹åœ˜éšŠçš„å°ˆæ¥­çŸ¥è­˜ï¼Œåœ¨10å¤šå¹´çš„ç¶“é©—åœ¨é€™å€‹è¡Œæ¥­ï¼ŒARGå·²å»ºç«‹äº†è‡ªå·±çš„å€‹äººè³‡æ–™å¾žä¸€ç„¡æ‰€æœ‰ åˆ°è¶…éŽ 1000å¿«æ¨‚æŠ•è³‡è€…è‡ªå¾ž 2008å¹´10æœˆæˆç«‹ã€‚ä¸€ å€‹åœ˜éšŠï¼Œç›¸ä¿¡åœ¨å®¢æˆ¶è‡³ä¸Šï¼Œé˜¿æ ¹å»·æä¾›ä»€éº¼æ˜¯åˆé©çš„æŠ•è³‡çµ„åˆç‚ºä»–å€‘çš„å®¢æˆ¶ã€‚é€™äº›æœå‹™åŒ…æ‹¬æŠ•è³‡ç­–ç•¥ï¼Œå¸‚å ´ç ”ç©¶ï¼Œæµ·å¤–æŠ•è³‡å’Œè³‡é‡‘ç®¡ç†ã€‚é˜¿æ ¹å»·ä¸€ç›´ç©æ¥µæŽ¨å‹•æŠ•è³‡çš„é‡è¦æ€§ç‚ºå®¢æˆ¶çš„é€€ ä¼‘è¨ˆåŠƒé€šéŽèˆ‰è¾¦ç ”è¨Žæœƒå’Œè¬›ç¿’ç­</p>', '', 3, 1, '2010-04-27 21:44:26', 1, '2010-04-27 21:44:26', 1);
INSERT INTO `content` (`id`, `title`, `text`, `subTitle`, `languageId`, `active`, `created`, `createdById`, `updated`, `updatedById`) VALUES(21, 'æˆ‘å€‘çš„æœå‹™', '<p>ç”±ä¸€å€‹åœ˜éšŠçš„å°ˆæ¥­çŸ¥è­˜ï¼Œåœ¨10å¤šå¹´çš„ç¶“é©—åœ¨é€™å€‹è¡Œæ¥­ï¼ŒARGå·²å»ºç«‹äº†è‡ªå·±çš„å€‹äººè³‡æ–™å¾žä¸€ç„¡æ‰€æœ‰ åˆ°è¶…éŽ 1000å¿«æ¨‚æŠ•è³‡è€…è‡ªå¾ž  2008å¹´10æœˆæˆç«‹ã€‚ä¸€  å€‹åœ˜éšŠï¼Œç›¸ä¿¡åœ¨å®¢æˆ¶è‡³ä¸Šï¼Œé˜¿æ ¹å»·æä¾›ä»€éº¼æ˜¯åˆé©çš„æŠ•è³‡çµ„åˆç‚ºä»–å€‘çš„å®¢æˆ¶ã€‚é€™äº›æœå‹™åŒ…æ‹¬æŠ•è³‡ç­–ç•¥ï¼Œå¸‚å ´ç ”ç©¶ï¼Œæµ·å¤–æŠ•è³‡å’Œè³‡é‡‘ç®¡ç†ã€‚é˜¿æ ¹å»·ä¸€ç›´ç©æ¥µæŽ¨å‹•æŠ•è³‡çš„ é‡è¦æ€§ç‚ºå®¢æˆ¶çš„é€€ ä¼‘è¨ˆåŠƒé€šéŽèˆ‰è¾¦ç ”è¨Žæœƒå’Œè¬›ç¿’ç­</p>', '', 3, 1, '2010-04-27 22:19:50', 1, '2010-04-27 22:19:50', 1);
INSERT INTO `content` (`id`, `title`, `text`, `subTitle`, `languageId`, `active`, `created`, `createdById`, `updated`, `updatedById`) VALUES(22, 'Customer says', '<p>Managed by a team of expertise with over 10 years of experience in this  industry, ARG has built its profile from nothing to well over thousand  happy investors ever since its establishment in Oct 2008. A team that  believes in customer orientated, ARG offers what is suitable investment  portfolio for their customer. These services include investment  strategies, market research, overseas investment and funding management.  ARG has been actively promoting the importance of investment for their  customers'' retirement planning through seminars and workshop.</p>', '', 1, 1, '2010-04-30 20:07:52', 1, '2010-04-30 20:08:29', 1);
INSERT INTO `content` (`id`, `title`, `text`, `subTitle`, `languageId`, `active`, `created`, `createdById`, `updated`, `updatedById`) VALUES(23, 'About Us', '<p style="text-align: left;"><span style="font-family: verdana,geneva;"><span style="font-size: large;">Managed by a team of expertise with over 10 years of experience in this  industry, ARG has built its profile from nothing to well over thousand  happy investors ever since its establishment in Oct 2008. </span></span></p>\r\n<p style="text-align: left;"><span style="font-family: verdana,geneva;"><span style="font-size: large;">A team that  believes in customer orientated, ARG offers what is suitable investment  portfolio for their customer. These services include investment  strategies, market research, overseas investment and funding management. </span></span></p>\r\n<p style="text-align: left;"><span style="font-family: verdana,geneva;"><span style="font-size: large;">ARG has been actively promoting the importance of investment for their  customers'' retirement planning through seminars and workshop.</span></span></p>', '', 1, 1, '2010-04-30 20:09:03', 1, '2010-06-01 18:03:01', 1);

--
-- Dumping data for table `contentcategory`
--

INSERT INTO `contentcategory` (`id`, `name`, `languageId`, `active`, `created`, `createdById`, `updated`, `updatedById`) VALUES(1, 'News Headlines', 1, 1, '2010-04-16 03:13:18', 1, '2010-04-27 20:47:14', 1);
INSERT INTO `contentcategory` (`id`, `name`, `languageId`, `active`, `created`, `createdById`, `updated`, `updatedById`) VALUES(2, 'Our Information', 1, 1, '2010-04-16 03:13:18', 1, '2010-04-27 20:15:36', 1);
INSERT INTO `contentcategory` (`id`, `name`, `languageId`, `active`, `created`, `createdById`, `updated`, `updatedById`) VALUES(4, 'æˆ‘ä»¬çš„ä¿¡æ¯', 2, 1, '2010-04-27 20:19:25', 1, '2010-04-27 20:19:25', 1);
INSERT INTO `contentcategory` (`id`, `name`, `languageId`, `active`, `created`, `createdById`, `updated`, `updatedById`) VALUES(3, 'æ–°é—»æ ‡é¢˜', 2, 1, '2010-04-23 23:32:16', 1, '2010-04-27 21:31:07', 1);
INSERT INTO `contentcategory` (`id`, `name`, `languageId`, `active`, `created`, `createdById`, `updated`, `updatedById`) VALUES(5, 'Projects', 1, 1, '2010-04-27 20:21:19', 1, '2010-04-27 21:11:04', 1);
INSERT INTO `contentcategory` (`id`, `name`, `languageId`, `active`, `created`, `createdById`, `updated`, `updatedById`) VALUES(6, 'Services', 1, 1, '2010-04-27 21:11:21', 1, '2010-04-27 21:11:21', 1);
INSERT INTO `contentcategory` (`id`, `name`, `languageId`, `active`, `created`, `createdById`, `updated`, `updatedById`) VALUES(7, 'Activities', 1, 1, '2010-04-27 21:11:27', 1, '2010-04-27 21:25:02', 1);
INSERT INTO `contentcategory` (`id`, `name`, `languageId`, `active`, `created`, `createdById`, `updated`, `updatedById`) VALUES(8, 'æœ€æ–°é¡¹ç›®', 2, 1, '2010-04-27 21:28:39', 1, '2010-04-27 21:28:39', 1);
INSERT INTO `contentcategory` (`id`, `name`, `languageId`, `active`, `created`, `createdById`, `updated`, `updatedById`) VALUES(9, 'å—æ¬¢è¿Žçš„æœåŠ¡', 2, 1, '2010-04-27 21:28:45', 1, '2010-04-27 21:28:45', 1);
INSERT INTO `contentcategory` (`id`, `name`, `languageId`, `active`, `created`, `createdById`, `updated`, `updatedById`) VALUES(10, 'æœ€æ–°æ´»åŠ¨', 2, 1, '2010-04-27 21:28:51', 1, '2010-04-27 21:28:51', 1);
INSERT INTO `contentcategory` (`id`, `name`, `languageId`, `active`, `created`, `createdById`, `updated`, `updatedById`) VALUES(11, 'æˆ‘å€‘çš„ä¿¡æ¯', 3, 1, '2010-04-27 21:39:54', 1, '2010-04-27 21:39:54', 1);
INSERT INTO `contentcategory` (`id`, `name`, `languageId`, `active`, `created`, `createdById`, `updated`, `updatedById`) VALUES(12, 'æ–°èžæ¨™é¡Œ', 3, 1, '2010-04-27 21:40:07', 1, '2010-04-27 21:40:07', 1);
INSERT INTO `contentcategory` (`id`, `name`, `languageId`, `active`, `created`, `createdById`, `updated`, `updatedById`) VALUES(13, 'æœ€æ–°é …ç›®', 3, 1, '2010-04-27 21:40:22', 1, '2010-04-27 21:40:22', 1);
INSERT INTO `contentcategory` (`id`, `name`, `languageId`, `active`, `created`, `createdById`, `updated`, `updatedById`) VALUES(14, 'ç†±é–€æœå‹™', 3, 1, '2010-04-27 21:40:27', 1, '2010-04-27 21:40:27', 1);
INSERT INTO `contentcategory` (`id`, `name`, `languageId`, `active`, `created`, `createdById`, `updated`, `updatedById`) VALUES(15, 'æœ€æ–°æ´»å‹•', 3, 1, '2010-04-27 21:40:32', 1, '2010-04-27 21:40:32', 1);
INSERT INTO `contentcategory` (`id`, `name`, `languageId`, `active`, `created`, `createdById`, `updated`, `updatedById`) VALUES(16, 'About Us', 1, 1, '2010-04-30 13:15:03', 1, '2010-04-30 17:58:44', 1);
INSERT INTO `contentcategory` (`id`, `name`, `languageId`, `active`, `created`, `createdById`, `updated`, `updatedById`) VALUES(17, 'ç‰¹è‰²è®²åº§ç³»åˆ—', 2, 1, '2010-06-15 19:28:33', 1, '2010-06-15 19:28:43', 1);

--
-- Dumping data for table `content_contentcategory`
--

INSERT INTO `content_contentcategory` (`contentId`, `contentcategoryId`, `created`, `createdById`) VALUES(1, 1, '2010-04-23 08:31:46', 0);
INSERT INTO `content_contentcategory` (`contentId`, `contentcategoryId`, `created`, `createdById`) VALUES(2, 2, '2010-04-27 06:26:38', 0);
INSERT INTO `content_contentcategory` (`contentId`, `contentcategoryId`, `created`, `createdById`) VALUES(3, 1, '2010-04-27 06:27:00', 0);
INSERT INTO `content_contentcategory` (`contentId`, `contentcategoryId`, `created`, `createdById`) VALUES(1, 2, '2010-04-23 08:31:46', 0);
INSERT INTO `content_contentcategory` (`contentId`, `contentcategoryId`, `created`, `createdById`) VALUES(8, 17, '2010-06-15 04:32:25', 0);
INSERT INTO `content_contentcategory` (`contentId`, `contentcategoryId`, `created`, `createdById`) VALUES(9, 4, '2010-04-27 06:29:13', 0);
INSERT INTO `content_contentcategory` (`contentId`, `contentcategoryId`, `created`, `createdById`) VALUES(10, 2, '2010-04-27 05:45:25', 0);
INSERT INTO `content_contentcategory` (`contentId`, `contentcategoryId`, `created`, `createdById`) VALUES(11, 1, '2010-04-27 05:50:49', 0);
INSERT INTO `content_contentcategory` (`contentId`, `contentcategoryId`, `created`, `createdById`) VALUES(3, 2, '2010-04-27 06:27:00', 0);
INSERT INTO `content_contentcategory` (`contentId`, `contentcategoryId`, `created`, `createdById`) VALUES(6, 1, '2010-04-29 20:51:56', 0);
INSERT INTO `content_contentcategory` (`contentId`, `contentcategoryId`, `created`, `createdById`) VALUES(11, 2, '2010-04-27 05:50:49', 0);
INSERT INTO `content_contentcategory` (`contentId`, `contentcategoryId`, `created`, `createdById`) VALUES(5, 5, '2010-04-27 06:11:47', 0);
INSERT INTO `content_contentcategory` (`contentId`, `contentcategoryId`, `created`, `createdById`) VALUES(5, 6, '2010-04-27 06:11:47', 0);
INSERT INTO `content_contentcategory` (`contentId`, `contentcategoryId`, `created`, `createdById`) VALUES(5, 7, '2010-04-27 06:11:47', 0);
INSERT INTO `content_contentcategory` (`contentId`, `contentcategoryId`, `created`, `createdById`) VALUES(2, 6, '2010-04-27 06:26:38', 0);
INSERT INTO `content_contentcategory` (`contentId`, `contentcategoryId`, `created`, `createdById`) VALUES(3, 6, '2010-04-27 06:27:00', 0);
INSERT INTO `content_contentcategory` (`contentId`, `contentcategoryId`, `created`, `createdById`) VALUES(3, 7, '2010-04-27 06:27:00', 0);
INSERT INTO `content_contentcategory` (`contentId`, `contentcategoryId`, `created`, `createdById`) VALUES(7, 2, '2010-06-01 03:22:57', 0);
INSERT INTO `content_contentcategory` (`contentId`, `contentcategoryId`, `created`, `createdById`) VALUES(7, 6, '2010-06-01 03:22:57', 0);
INSERT INTO `content_contentcategory` (`contentId`, `contentcategoryId`, `created`, `createdById`) VALUES(7, 7, '2010-06-01 03:22:57', 0);
INSERT INTO `content_contentcategory` (`contentId`, `contentcategoryId`, `created`, `createdById`) VALUES(9, 3, '2010-04-27 06:29:13', 0);
INSERT INTO `content_contentcategory` (`contentId`, `contentcategoryId`, `created`, `createdById`) VALUES(9, 8, '2010-04-27 06:29:13', 0);
INSERT INTO `content_contentcategory` (`contentId`, `contentcategoryId`, `created`, `createdById`) VALUES(9, 9, '2010-04-27 06:29:13', 0);
INSERT INTO `content_contentcategory` (`contentId`, `contentcategoryId`, `created`, `createdById`) VALUES(9, 10, '2010-04-27 06:29:13', 0);
INSERT INTO `content_contentcategory` (`contentId`, `contentcategoryId`, `created`, `createdById`) VALUES(12, 4, '2010-04-27 06:35:48', 0);
INSERT INTO `content_contentcategory` (`contentId`, `contentcategoryId`, `created`, `createdById`) VALUES(13, 10, '2010-04-27 07:13:37', 0);
INSERT INTO `content_contentcategory` (`contentId`, `contentcategoryId`, `created`, `createdById`) VALUES(14, 8, '2010-04-27 06:38:06', 0);
INSERT INTO `content_contentcategory` (`contentId`, `contentcategoryId`, `created`, `createdById`) VALUES(14, 10, '2010-04-27 06:38:06', 0);
INSERT INTO `content_contentcategory` (`contentId`, `contentcategoryId`, `created`, `createdById`) VALUES(15, 3, '2010-04-27 06:38:32', 0);
INSERT INTO `content_contentcategory` (`contentId`, `contentcategoryId`, `created`, `createdById`) VALUES(15, 8, '2010-04-27 06:38:32', 0);
INSERT INTO `content_contentcategory` (`contentId`, `contentcategoryId`, `created`, `createdById`) VALUES(15, 9, '2010-04-27 06:38:32', 0);
INSERT INTO `content_contentcategory` (`contentId`, `contentcategoryId`, `created`, `createdById`) VALUES(15, 10, '2010-04-27 06:38:32', 0);
INSERT INTO `content_contentcategory` (`contentId`, `contentcategoryId`, `created`, `createdById`) VALUES(16, 15, '2010-04-27 06:42:34', 0);
INSERT INTO `content_contentcategory` (`contentId`, `contentcategoryId`, `created`, `createdById`) VALUES(16, 14, '2010-04-27 06:42:34', 0);
INSERT INTO `content_contentcategory` (`contentId`, `contentcategoryId`, `created`, `createdById`) VALUES(16, 13, '2010-04-27 06:42:34', 0);
INSERT INTO `content_contentcategory` (`contentId`, `contentcategoryId`, `created`, `createdById`) VALUES(16, 12, '2010-04-27 06:42:34', 0);
INSERT INTO `content_contentcategory` (`contentId`, `contentcategoryId`, `created`, `createdById`) VALUES(16, 11, '2010-04-27 06:42:34', 0);
INSERT INTO `content_contentcategory` (`contentId`, `contentcategoryId`, `created`, `createdById`) VALUES(17, 11, '2010-04-27 06:41:32', 0);
INSERT INTO `content_contentcategory` (`contentId`, `contentcategoryId`, `created`, `createdById`) VALUES(17, 12, '2010-04-27 06:41:32', 0);
INSERT INTO `content_contentcategory` (`contentId`, `contentcategoryId`, `created`, `createdById`) VALUES(17, 13, '2010-04-27 06:41:32', 0);
INSERT INTO `content_contentcategory` (`contentId`, `contentcategoryId`, `created`, `createdById`) VALUES(17, 14, '2010-04-27 06:41:32', 0);
INSERT INTO `content_contentcategory` (`contentId`, `contentcategoryId`, `created`, `createdById`) VALUES(17, 15, '2010-04-27 06:41:32', 0);
INSERT INTO `content_contentcategory` (`contentId`, `contentcategoryId`, `created`, `createdById`) VALUES(18, 15, '2010-04-27 07:19:09', 0);
INSERT INTO `content_contentcategory` (`contentId`, `contentcategoryId`, `created`, `createdById`) VALUES(18, 14, '2010-04-27 07:19:09', 0);
INSERT INTO `content_contentcategory` (`contentId`, `contentcategoryId`, `created`, `createdById`) VALUES(18, 13, '2010-04-27 07:19:09', 0);
INSERT INTO `content_contentcategory` (`contentId`, `contentcategoryId`, `created`, `createdById`) VALUES(19, 13, '2010-04-27 06:44:21', 0);
INSERT INTO `content_contentcategory` (`contentId`, `contentcategoryId`, `created`, `createdById`) VALUES(19, 14, '2010-04-27 06:44:21', 0);
INSERT INTO `content_contentcategory` (`contentId`, `contentcategoryId`, `created`, `createdById`) VALUES(19, 15, '2010-04-27 06:44:21', 0);
INSERT INTO `content_contentcategory` (`contentId`, `contentcategoryId`, `created`, `createdById`) VALUES(20, 13, '2010-04-27 06:44:26', 0);
INSERT INTO `content_contentcategory` (`contentId`, `contentcategoryId`, `created`, `createdById`) VALUES(20, 14, '2010-04-27 06:44:26', 0);
INSERT INTO `content_contentcategory` (`contentId`, `contentcategoryId`, `created`, `createdById`) VALUES(20, 15, '2010-04-27 06:44:26', 0);
INSERT INTO `content_contentcategory` (`contentId`, `contentcategoryId`, `created`, `createdById`) VALUES(21, 11, '2010-04-27 07:19:50', 0);
INSERT INTO `content_contentcategory` (`contentId`, `contentcategoryId`, `created`, `createdById`) VALUES(4, 2, '2010-04-29 19:50:11', 0);
INSERT INTO `content_contentcategory` (`contentId`, `contentcategoryId`, `created`, `createdById`) VALUES(22, 16, '2010-04-30 05:08:29', 0);
INSERT INTO `content_contentcategory` (`contentId`, `contentcategoryId`, `created`, `createdById`) VALUES(22, 7, '2010-04-30 05:08:29', 0);
INSERT INTO `content_contentcategory` (`contentId`, `contentcategoryId`, `created`, `createdById`) VALUES(22, 6, '2010-04-30 05:08:29', 0);
INSERT INTO `content_contentcategory` (`contentId`, `contentcategoryId`, `created`, `createdById`) VALUES(22, 5, '2010-04-30 05:08:29', 0);
INSERT INTO `content_contentcategory` (`contentId`, `contentcategoryId`, `created`, `createdById`) VALUES(22, 2, '2010-04-30 05:08:29', 0);
INSERT INTO `content_contentcategory` (`contentId`, `contentcategoryId`, `created`, `createdById`) VALUES(22, 1, '2010-04-30 05:08:29', 0);
INSERT INTO `content_contentcategory` (`contentId`, `contentcategoryId`, `created`, `createdById`) VALUES(23, 2, '2010-06-01 03:03:01', 0);

--
-- Dumping data for table `country`
--

INSERT INTO `country` (`id`, `name`, `active`, `created`, `createdById`, `updated`, `updatedById`) VALUES(1, 'Australia', 1, '2010-04-23 08:59:07', 1, '2010-04-23 08:59:07', 1);

--
-- Dumping data for table `module`
--


--
-- Dumping data for table `pagelanguage`
--

INSERT INTO `pagelanguage` (`id`, `code`, `name`, `icon`, `active`, `created`, `createdById`, `updated`, `updatedById`) VALUES(1, 'en', 'English', '', 1, '2010-04-23 07:38:41', 1, '2010-04-23 07:38:41', 1);
INSERT INTO `pagelanguage` (`id`, `code`, `name`, `icon`, `active`, `created`, `createdById`, `updated`, `updatedById`) VALUES(2, 'zh', '简体中文', '', 1, '2010-04-23 07:38:41', 1, '2010-04-23 07:38:41', 1);
INSERT INTO `pagelanguage` (`id`, `code`, `name`, `icon`, `active`, `created`, `createdById`, `updated`, `updatedById`) VALUES(3, 'zh_TW', '繁体中文', '', 1, '2010-04-23 07:38:41', 1, '2010-04-23 07:38:41', 1);

--
-- Dumping data for table `person`
--

INSERT INTO `person` (`id`, `firstName`, `lastName`, `active`, `created`, `createdById`, `updated`, `updatedById`) VALUES(1, 'admin', 'system', 1, '2010-04-16 03:13:18', 1, '2010-04-16 03:13:18', 1);

--
-- Dumping data for table `profileresource`
--


--
-- Dumping data for table `profilesql`
--


--
-- Dumping data for table `project`
--

INSERT INTO `project` (`id`, `title`, `description`, `noOfBeds`, `noOfBaths`, `noOfCars`, `addressId`, `languageId`, `active`, `created`, `createdById`, `updated`, `updatedById`) VALUES(1, 'Project 1', '<p>iaculis, dui quis venenatis in, mauris. Nunc elementum. Fusce nisl eros, sit amet, consectetuer nec, mattis vel, lorem. Fusce et nisl. Fusce dui auctor mattis. Pellentesque mollis risus. Phasellus vestibulum sed, sollicitudin ac, accumsan vestibulum. Etiam fringilla condimentum, pulvinar mollis. Suspendisse rhoncus pede eu tortor eget ipsum primis in elit. Aliquam erat volutpat. Praesent nunc. Nulla quis neque. Nulla convallis non, dolor. Pellentesque quam molestie vitae, ligula. Nam eu odio sit amet nisl. Etiam ornare a, faucibus eros. Suspendisse potenti. Quisque urna. Sed venenatis. Sed ornare, orci elit, pulvinar scelerisque. Vestibulum ante ipsum primis in faucibus augue. Sed in massa  augue. Sed quam ultricies vitae, mauris. Donec elementum consequat. Aliquam id consequat urna a auctor mattis. Aliquam in nulla orci luctus et netus et nisl. Etiam in volutpat laoreet. Donec congue. Nunc arcu congue tellus, at lorem id dolor libero nunc, ornare nulla in quam ut tortor. Praesent volutpat facilisis, quam ut metus. Curabitur lobortis velit. Mauris tortor. Maecenas diam bibendum purus lorem, pellentesque erat ac hendrerit et, placerat porta ut, consequat nunc. Suspendisse potenti. Cras vitae mauris. Nam ipsum. Suspendisse potenti. Quisque condimentum. Donec sit amet quam. Nullam ut justo ac massa. Aliquam ultricies eu, commodo wisi. Aenean id</p>', 3, 2, 1, 2, 1, 1, '2010-04-16 03:13:18', 1, '2010-04-24 23:08:03', 1);
INSERT INTO `project` (`id`, `title`, `description`, `noOfBeds`, `noOfBaths`, `noOfCars`, `addressId`, `languageId`, `active`, `created`, `createdById`, `updated`, `updatedById`) VALUES(2, 'Project 2', '<p>iaculis, dui quis venenatis in, mauris. Nunc elementum. Fusce nisl eros, sit amet, consectetuer nec, mattis vel, lorem. Fusce et nisl. Fusce dui auctor mattis. Pellentesque mollis risus. Phasellus vestibulum sed, sollicitudin ac, accumsan vestibulum. Etiam fringilla condimentum, pulvinar mollis. Suspendisse rhoncus pede eu tortor eget ipsum primis in elit. Aliquam erat volutpat. Praesent nunc. Nulla quis neque. Nulla convallis non, dolor. Pellentesque quam molestie vitae, ligula. Nam eu odio sit amet nisl. Etiam ornare a, faucibus eros. Suspendisse potenti. Quisque urna. Sed venenatis. Sed ornare, orci elit, pulvinar scelerisque. Vestibulum ante ipsum primis in faucibus augue. Sed in massa  augue. Sed quam ultricies vitae, mauris. Donec elementum consequat. Aliquam id consequat urna a auctor mattis. Aliquam in nulla orci luctus et netus et nisl. Etiam in volutpat laoreet. Donec congue. Nunc arcu congue tellus, at lorem id dolor libero nunc, ornare nulla in quam ut tortor. Praesent volutpat facilisis, quam ut metus. Curabitur lobortis velit. Mauris tortor. Maecenas diam bibendum purus lorem, pellentesque erat ac hendrerit et, placerat porta ut, consequat nunc. Suspendisse potenti. Cras vitae mauris. Nam ipsum. Suspendisse potenti. Quisque condimentum. Donec sit amet quam. Nullam ut justo ac massa. Aliquam ultricies eu, commodo wisi. Aenean id</p>', 4, 3, 2, 2, 1, 1, '2010-04-16 03:13:18', 1, '2010-04-24 23:08:21', 1);
INSERT INTO `project` (`id`, `title`, `description`, `noOfBeds`, `noOfBaths`, `noOfCars`, `addressId`, `languageId`, `active`, `created`, `createdById`, `updated`, `updatedById`) VALUES(3, 'Project 3', '<p>iaculis, dui quis venenatis in, mauris. Nunc elementum. Fusce nisl eros, sit amet, consectetuer nec, mattis vel, lorem. Fusce et nisl. Fusce dui auctor mattis. Pellentesque mollis risus. Phasellus vestibulum sed, sollicitudin ac, accumsan vestibulum. Etiam fringilla condimentum, pulvinar mollis. Suspendisse rhoncus pede eu tortor eget ipsum primis in elit. Aliquam erat volutpat. Praesent nunc. Nulla quis neque. Nulla convallis non, dolor. Pellentesque quam molestie vitae, ligula. Nam eu odio sit amet nisl. Etiam ornare a, faucibus eros. Suspendisse potenti. Quisque urna. Sed venenatis. Sed ornare, orci elit, pulvinar scelerisque. Vestibulum ante ipsum primis in faucibus augue. Sed in massa  augue. Sed quam ultricies vitae, mauris. Donec elementum consequat. Aliquam id consequat urna a auctor mattis. Aliquam in nulla orci luctus et netus et nisl. Etiam in volutpat laoreet. Donec congue. Nunc arcu congue tellus, at lorem id dolor libero nunc, ornare nulla in quam ut tortor. Praesent volutpat facilisis, quam ut metus. Curabitur lobortis velit. Mauris tortor. Maecenas diam bibendum purus lorem, pellentesque erat ac hendrerit et, placerat porta ut, consequat nunc. Suspendisse potenti. Cras vitae mauris. Nam ipsum. Suspendisse potenti. Quisque condimentum. Donec sit amet quam. Nullam ut justo ac massa. Aliquam ultricies eu, commodo wisi. Aenean id</p>', 4, 1, 2, 2, 1, 1, '2010-04-16 03:13:18', 1, '2010-04-24 23:08:37', 1);

--
-- Dumping data for table `projectimage`
--

INSERT INTO `projectimage` (`id`, `assetId`, `isDefault`, `projectId`, `active`, `created`, `createdById`, `updated`, `updatedById`) VALUES(1, 1, 1, 1, 1, '2010-04-16 23:19:30', 1, '2010-04-16 23:19:30', 1);
INSERT INTO `projectimage` (`id`, `assetId`, `isDefault`, `projectId`, `active`, `created`, `createdById`, `updated`, `updatedById`) VALUES(2, 2, 1, 2, 1, '2010-04-16 23:20:18', 1, '2010-04-16 23:20:18', 1);
INSERT INTO `projectimage` (`id`, `assetId`, `isDefault`, `projectId`, `active`, `created`, `createdById`, `updated`, `updatedById`) VALUES(3, 3, 1, 3, 1, '2010-04-16 23:20:32', 1, '2010-04-16 23:20:32', 1);

--
-- Dumping data for table `role`
--

INSERT INTO `role` (`id`, `name`, `active`, `created`, `createdById`, `updated`, `updatedById`) VALUES(1, 'Administrator', 1, '2010-04-16 03:13:18', 1, '2010-04-16 03:13:18', 1);

--
-- Dumping data for table `role_useraccount`
--

INSERT INTO `role_useraccount` (`roleId`, `useraccountId`, `created`, `createdById`) VALUES(1, 1, '2010-04-16 03:13:18', 0);

--
-- Dumping data for table `state`
--

INSERT INTO `state` (`id`, `name`, `countryId`, `active`, `created`, `createdById`, `updated`, `updatedById`) VALUES(1, 'ACT', 1, 1, '2010-04-23 08:57:41', 1, '2010-04-23 08:57:41', 1);
INSERT INTO `state` (`id`, `name`, `countryId`, `active`, `created`, `createdById`, `updated`, `updatedById`) VALUES(2, 'NSW', 1, 1, '2010-04-23 08:57:41', 1, '2010-04-23 08:57:41', 1);
INSERT INTO `state` (`id`, `name`, `countryId`, `active`, `created`, `createdById`, `updated`, `updatedById`) VALUES(3, 'NT', 1, 1, '2010-04-23 08:57:41', 1, '2010-04-23 08:57:41', 1);
INSERT INTO `state` (`id`, `name`, `countryId`, `active`, `created`, `createdById`, `updated`, `updatedById`) VALUES(4, 'SA', 1, 1, '2010-04-23 08:57:41', 1, '2010-04-23 08:57:41', 1);
INSERT INTO `state` (`id`, `name`, `countryId`, `active`, `created`, `createdById`, `updated`, `updatedById`) VALUES(5, 'VIC', 1, 1, '2010-04-23 08:57:41', 1, '2010-04-23 08:57:41', 1);
INSERT INTO `state` (`id`, `name`, `countryId`, `active`, `created`, `createdById`, `updated`, `updatedById`) VALUES(6, 'WA', 1, 1, '2010-04-23 08:57:41', 1, '2010-04-23 08:57:41', 1);

--
-- Dumping data for table `subscriber`
--

INSERT INTO `subscriber` (`id`, `email`, `key`, `isConfirmed`, `languageId`, `active`, `created`, `createdById`, `updated`, `updatedById`) VALUES(1, '1232131@gmai.com', '4f1b5b830aaeeb3aa95f285b4dfa643f', 1, 1, 1, '2010-04-18 12:34:42', 1, '2010-04-18 17:30:13', 1);
INSERT INTO `subscriber` (`id`, `email`, `key`, `isConfirmed`, `languageId`, `active`, `created`, `createdById`, `updated`, `updatedById`) VALUES(2, 'f@dsfdas.com1', 'f@dsfdas.com 2010-04-18 17:29:53', 0, 1, 1, '2010-04-18 17:29:53', 1, '2010-04-18 17:30:00', 1);
INSERT INTO `subscriber` (`id`, `email`, `key`, `isConfirmed`, `languageId`, `active`, `created`, `createdById`, `updated`, `updatedById`) VALUES(3, 'hjhdashkdkashj@fdasfd.com', '9386e897fd64b2b34fcfe5cb8b260cc3', 1, 1, 1, '2010-04-21 15:22:18', 1, '2010-04-21 15:22:18', 1);

--
-- Dumping data for table `useraccount`
--

INSERT INTO `useraccount` (`id`, `userName`, `password`, `personId`, `active`, `created`, `createdById`, `updated`, `updatedById`) VALUES(1, 'admin', 'd033e22ae348aeb5660fc2140aec35850c4da997', 1, 1, '2010-04-16 03:13:18', 1, '2010-04-16 03:13:18', 1);

--
-- Dumping data for table `propertyStatus`
--
INSERT INTO `propertystatus` (`name` ,`active` ,`created` ,`createdById` ,`updated` ,`updatedById`)VALUES ('Under Contract', '1',  NOW(), '1', NOW() , '1');
INSERT INTO `propertystatus` (`name` ,`active` ,`created` ,`createdById` ,`updated` ,`updatedById`)VALUES ('Under Offer', '1',  NOW(), '1', NOW() , '1');

--
-- Dumping data for table `propertyType`
--
INSERT INTO `propertytype` (`name` ,`active` ,`created` ,`createdById` ,`updated` ,`updatedById`) VALUES ('Residential', '1',  NOW(), '1', NOW() , '1');
INSERT INTO `propertytype` (`name` ,`active` ,`created` ,`createdById` ,`updated` ,`updatedById`) VALUES ('Commercial', '1',  NOW(), '1', NOW() , '1');
INSERT INTO `propertytype` (`name` ,`active` ,`created` ,`createdById` ,`updated` ,`updatedById`) VALUES ('Rental', '1',  NOW(), '1', NOW() , '1');

--
-- Dumping data for table `buildingType`
--
INSERT INTO `buildingtype` (`name` ,`active` ,`created` ,`createdById` ,`updated` ,`updatedById`) VALUES ('Acreage', '1',  NOW(), '1', NOW() , '1');
INSERT INTO `buildingtype` (`name` ,`active` ,`created` ,`createdById` ,`updated` ,`updatedById`) VALUES ('Apartment', '1',  NOW(), '1', NOW() , '1');
INSERT INTO `buildingtype` (`name` ,`active` ,`created` ,`createdById` ,`updated` ,`updatedById`) VALUES ('Block of Units', '1',  NOW(), '1', NOW() , '1');
INSERT INTO `buildingtype` (`name` ,`active` ,`created` ,`createdById` ,`updated` ,`updatedById`) VALUES ('Business', '1',  NOW(), '1', NOW() , '1');
INSERT INTO `buildingtype` (`name` ,`active` ,`created` ,`createdById` ,`updated` ,`updatedById`) VALUES ('Commercial/Office', '1',  NOW(), '1', NOW() , '1');
INSERT INTO `buildingtype` (`name` ,`active` ,`created` ,`createdById` ,`updated` ,`updatedById`) VALUES ('Hotel/Leisure', '1',  NOW(), '1', NOW() , '1');
INSERT INTO `buildingtype` (`name` ,`active` ,`created` ,`createdById` ,`updated` ,`updatedById`) VALUES ('Hotel/Motel', '1',  NOW(), '1', NOW() , '1');
INSERT INTO `buildingtype` (`name` ,`active` ,`created` ,`createdById` ,`updated` ,`updatedById`) VALUES ('House', '1',  NOW(), '1', NOW() , '1');
INSERT INTO `buildingtype` (`name` ,`active` ,`created` ,`createdById` ,`updated` ,`updatedById`) VALUES ('Industrial/Warehouse', '1',  NOW(), '1', NOW() , '1');
INSERT INTO `buildingtype` (`name` ,`active` ,`created` ,`createdById` ,`updated` ,`updatedById`) VALUES ('Land/Development', '1',  NOW(), '1', NOW() , '1');
INSERT INTO `buildingtype` (`name` ,`active` ,`created` ,`createdById` ,`updated` ,`updatedById`) VALUES ('Medical/Consulting', '1',  NOW(), '1', NOW() , '1');
INSERT INTO `buildingtype` (`name` ,`active` ,`created` ,`createdById` ,`updated` ,`updatedById`) VALUES ('Offices', '1',  NOW(), '1', NOW() , '1');
INSERT INTO `buildingtype` (`name` ,`active` ,`created` ,`createdById` ,`updated` ,`updatedById`) VALUES ('Other', '1',  NOW(), '1', NOW() , '1');
INSERT INTO `buildingtype` (`name` ,`active` ,`created` ,`createdById` ,`updated` ,`updatedById`) VALUES ('Residential Land', '1',  NOW(), '1', NOW() , '1');
INSERT INTO `buildingtype` (`name` ,`active` ,`created` ,`createdById` ,`updated` ,`updatedById`) VALUES ('Retail', '1',  NOW(), '1', NOW() , '1');
INSERT INTO `buildingtype` (`name` ,`active` ,`created` ,`createdById` ,`updated` ,`updatedById`) VALUES ('Studio', '1',  NOW(), '1', NOW() , '1');
INSERT INTO `buildingtype` (`name` ,`active` ,`created` ,`createdById` ,`updated` ,`updatedById`) VALUES ('Townhouse', '1',  NOW(), '1', NOW() , '1');
INSERT INTO `buildingtype` (`name` ,`active` ,`created` ,`createdById` ,`updated` ,`updatedById`) VALUES ('Unit', '1',  NOW(), '1', NOW() , '1');
